{"v":"5.3.4","fr":20,"ip":0,"op":60,"w":750,"h":1334,"nm":"合成 1","ddd":0,"assets":[{"id":"image_0","w":174,"h":174,"u":"images/","p":"img_0.png","e":0},{"id":"image_1","w":313,"h":76,"u":"images/","p":"img_1.png","e":0}],"fonts":{"list":[{"fName":"PingFangSC-Medium","fFamily":"PingFang SC","fStyle":"Medium","ascent":72.7996826171875}]},"layers":[{"ddd":0,"ind":1,"ty":2,"nm":"ico_catreward_biscuits@2x.png","cl":"png","refId":"image_0","sr":1,"ks":{"o":{"a":1,"k":[{"i":{"x":[0.833],"y":[0.833]},"o":{"x":[0.167],"y":[0.167]},"n":["0p833_0p833_0p167_0p167"],"t":0,"s":[0],"e":[100]},{"t":8}],"ix":11},"r":{"a":0,"k":0,"ix":10},"p":{"a":0,"k":[371,437,0],"ix":2},"a":{"a":0,"k":[87,87,0],"ix":1},"s":{"a":0,"k":[100,100,100],"ix":6}},"ao":0,"ip":0,"op":600,"st":0,"bm":0},{"ddd":0,"ind":2,"ty":4,"nm":"粒子","sr":1,"ks":{"o":{"a":1,"k":[{"i":{"x":[0.833],"y":[0.833]},"o":{"x":[0.167],"y":[0.167]},"n":["0p833_0p833_0p167_0p167"],"t":0,"s":[0],"e":[100]},{"t":16}],"ix":11},"r":{"a":0,"k":0,"ix":10},"p":{"a":0,"k":[375,667,0],"ix":2},"a":{"a":0,"k":[0,0,0],"ix":1},"s":{"a":0,"k":[100,100,100],"ix":6}},"ao":0,"shapes":[{"ty":"gr","it":[{"ty":"rc","d":1,"s":{"a":0,"k":[11.176,11.176],"ix":2},"p":{"a":0,"k":[0,0],"ix":3},"r":{"a":0,"k":0,"ix":4},"nm":"矩形路径 1","mn":"ADBE Vector Shape - Rect","hd":false},{"ty":"st","c":{"a":0,"k":[1,1,1,1],"ix":3},"o":{"a":0,"k":100,"ix":4},"w":{"a":0,"k":5,"ix":5},"lc":1,"lj":1,"ml":4,"ml2":{"a":0,"k":4,"ix":8},"nm":"描边 1","mn":"ADBE Vector Graphic - Stroke","hd":true},{"ty":"fl","c":{"a":0,"k":[0.58431372549,0.819607902976,0.321568627451,1],"ix":4},"o":{"a":0,"k":100,"ix":5},"r":1,"nm":"填充 1","mn":"ADBE Vector Graphic - Fill","hd":false},{"ty":"tr","p":{"a":0,"k":[122.588,-359.412],"ix":2},"a":{"a":0,"k":[0,0],"ix":1},"s":{"a":0,"k":[61.638,61.638],"ix":3},"r":{"a":0,"k":115.512,"ix":6},"o":{"a":0,"k":100,"ix":7},"sk":{"a":0,"k":0,"ix":4},"sa":{"a":0,"k":0,"ix":5},"nm":"Transform"}],"nm":"矩形 6","np":3,"cix":2,"ix":1,"mn":"ADBE Vector Group","hd":false},{"ty":"gr","it":[{"ty":"rc","d":1,"s":{"a":0,"k":[23.875,23.875],"ix":2},"p":{"a":0,"k":[0,0],"ix":3},"r":{"a":0,"k":0,"ix":4},"nm":"矩形路径 1","mn":"ADBE Vector Shape - Rect","hd":false},{"ty":"st","c":{"a":0,"k":[0.282352941176,0.686274509804,0.980392216701,1],"ix":3},"o":{"a":0,"k":100,"ix":4},"w":{"a":0,"k":5,"ix":5},"lc":1,"lj":1,"ml":4,"ml2":{"a":0,"k":4,"ix":8},"nm":"描边 1","mn":"ADBE Vector Graphic - Stroke","hd":false},{"ty":"fl","c":{"a":0,"k":[1,0,0,1],"ix":4},"o":{"a":0,"k":100,"ix":5},"r":1,"nm":"填充 1","mn":"ADBE Vector Graphic - Fill","hd":true},{"ty":"tr","p":{"a":0,"k":[-61.062,-385.062],"ix":2},"a":{"a":0,"k":[0,0],"ix":1},"s":{"a":0,"k":[44.269,44.269],"ix":3},"r":{"a":0,"k":61.363,"ix":6},"o":{"a":0,"k":100,"ix":7},"sk":{"a":0,"k":0,"ix":4},"sa":{"a":0,"k":0,"ix":5},"nm":"Transform"}],"nm":"矩形 5","np":3,"cix":2,"ix":2,"mn":"ADBE Vector Group","hd":false},{"ty":"gr","it":[{"d":1,"ty":"el","s":{"a":0,"k":[14.869,14.869],"ix":2},"p":{"a":0,"k":[0,0],"ix":3},"nm":"椭圆路径 1","mn":"ADBE Vector Shape - Ellipse","hd":false},{"ty":"st","c":{"a":0,"k":[0.960784373564,0.431372578939,0.545098039216,1],"ix":3},"o":{"a":0,"k":100,"ix":4},"w":{"a":0,"k":4,"ix":5},"lc":1,"lj":1,"ml":4,"ml2":{"a":0,"k":4,"ix":8},"nm":"描边 1","mn":"ADBE Vector Graphic - Stroke","hd":false},{"ty":"fl","c":{"a":0,"k":[0.960784373564,0.431372578939,0.545098039216,1],"ix":4},"o":{"a":0,"k":100,"ix":5},"r":1,"nm":"填充 1","mn":"ADBE Vector Graphic - Fill","hd":true},{"ty":"tr","p":{"a":0,"k":[-185.659,-240.718],"ix":2},"a":{"a":0,"k":[0,0],"ix":1},"s":{"a":0,"k":[83.182,83.182],"ix":3},"r":{"a":0,"k":0,"ix":6},"o":{"a":0,"k":100,"ix":7},"sk":{"a":0,"k":0,"ix":4},"sa":{"a":0,"k":0,"ix":5},"nm":"Transform"}],"nm":"椭圆 12","np":3,"cix":2,"ix":3,"mn":"ADBE Vector Group","hd":false},{"ty":"gr","it":[{"d":1,"ty":"el","s":{"a":0,"k":[12.945,12.945],"ix":2},"p":{"a":0,"k":[0,0],"ix":3},"nm":"椭圆路径 1","mn":"ADBE Vector Shape - Ellipse","hd":false},{"ty":"st","c":{"a":0,"k":[1,1,1,1],"ix":3},"o":{"a":0,"k":100,"ix":4},"w":{"a":0,"k":1.5,"ix":5},"lc":1,"lj":1,"ml":4,"ml2":{"a":0,"k":4,"ix":8},"nm":"描边 1","mn":"ADBE Vector Graphic - Stroke","hd":true},{"ty":"fl","c":{"a":0,"k":[1,0.603921568627,0,1],"ix":4},"o":{"a":0,"k":100,"ix":5},"r":1,"nm":"填充 1","mn":"ADBE Vector Graphic - Fill","hd":false},{"ty":"tr","p":{"a":0,"k":[41.473,-386.527],"ix":2},"a":{"a":0,"k":[0,0],"ix":1},"s":{"a":0,"k":[100,100],"ix":3},"r":{"a":0,"k":0,"ix":6},"o":{"a":0,"k":100,"ix":7},"sk":{"a":0,"k":0,"ix":4},"sa":{"a":0,"k":0,"ix":5},"nm":"Transform"}],"nm":"椭圆 11","np":3,"cix":2,"ix":4,"mn":"ADBE Vector Group","hd":false},{"ty":"gr","it":[{"d":1,"ty":"el","s":{"a":0,"k":[12.02,12.02],"ix":2},"p":{"a":0,"k":[0,0],"ix":3},"nm":"椭圆路径 1","mn":"ADBE Vector Shape - Ellipse","hd":false},{"ty":"st","c":{"a":0,"k":[1,1,1,1],"ix":3},"o":{"a":0,"k":100,"ix":4},"w":{"a":0,"k":1.5,"ix":5},"lc":1,"lj":1,"ml":4,"ml2":{"a":0,"k":4,"ix":8},"nm":"描边 1","mn":"ADBE Vector Graphic - Stroke","hd":true},{"ty":"fl","c":{"a":0,"k":[1,0.603921568627,0,1],"ix":4},"o":{"a":0,"k":100,"ix":5},"r":1,"nm":"填充 1","mn":"ADBE Vector Graphic - Fill","hd":false},{"ty":"tr","p":{"a":0,"k":[-87.99,-167.99],"ix":2},"a":{"a":0,"k":[0,0],"ix":1},"s":{"a":0,"k":[100,100],"ix":3},"r":{"a":0,"k":0,"ix":6},"o":{"a":0,"k":100,"ix":7},"sk":{"a":0,"k":0,"ix":4},"sa":{"a":0,"k":0,"ix":5},"nm":"Transform"}],"nm":"椭圆 10","np":3,"cix":2,"ix":5,"mn":"ADBE Vector Group","hd":false},{"ty":"gr","it":[{"d":1,"ty":"el","s":{"a":0,"k":[4.861,4.861],"ix":2},"p":{"a":0,"k":[0,0],"ix":3},"nm":"椭圆路径 1","mn":"ADBE Vector Shape - Ellipse","hd":false},{"ty":"st","c":{"a":0,"k":[1,1,1,1],"ix":3},"o":{"a":0,"k":100,"ix":4},"w":{"a":0,"k":1.5,"ix":5},"lc":1,"lj":1,"ml":4,"ml2":{"a":0,"k":4,"ix":8},"nm":"描边 1","mn":"ADBE Vector Graphic - Stroke","hd":true},{"ty":"fl","c":{"a":0,"k":[0.949019667682,0.788235353956,0.333333333333,1],"ix":4},"o":{"a":0,"k":100,"ix":5},"r":1,"nm":"填充 1","mn":"ADBE Vector Graphic - Fill","hd":false},{"ty":"tr","p":{"a":0,"k":[37.431,-335.069],"ix":2},"a":{"a":0,"k":[0,0],"ix":1},"s":{"a":0,"k":[100,100],"ix":3},"r":{"a":0,"k":0,"ix":6},"o":{"a":0,"k":100,"ix":7},"sk":{"a":0,"k":0,"ix":4},"sa":{"a":0,"k":0,"ix":5},"nm":"Transform"}],"nm":"椭圆 9","np":3,"cix":2,"ix":6,"mn":"ADBE Vector Group","hd":false},{"ty":"gr","it":[{"d":1,"ty":"el","s":{"a":0,"k":[12.076,12.076],"ix":2},"p":{"a":0,"k":[0,0],"ix":3},"nm":"椭圆路径 1","mn":"ADBE Vector Shape - Ellipse","hd":false},{"ty":"st","c":{"a":0,"k":[1,1,1,1],"ix":3},"o":{"a":0,"k":100,"ix":4},"w":{"a":0,"k":1.5,"ix":5},"lc":1,"lj":1,"ml":4,"ml2":{"a":0,"k":4,"ix":8},"nm":"描边 1","mn":"ADBE Vector Graphic - Stroke","hd":true},{"ty":"fl","c":{"a":0,"k":[1,0.713725490196,0.560784313725,1],"ix":4},"o":{"a":0,"k":100,"ix":5},"r":1,"nm":"填充 1","mn":"ADBE Vector Graphic - Fill","hd":false},{"ty":"tr","p":{"a":0,"k":[-83.962,-292.462],"ix":2},"a":{"a":0,"k":[0,0],"ix":1},"s":{"a":0,"k":[100,100],"ix":3},"r":{"a":0,"k":0,"ix":6},"o":{"a":0,"k":100,"ix":7},"sk":{"a":0,"k":0,"ix":4},"sa":{"a":0,"k":0,"ix":5},"nm":"Transform"}],"nm":"椭圆 8","np":3,"cix":2,"ix":7,"mn":"ADBE Vector Group","hd":false},{"ty":"gr","it":[{"d":1,"ty":"el","s":{"a":0,"k":[5.572,5.572],"ix":2},"p":{"a":0,"k":[0,0],"ix":3},"nm":"椭圆路径 1","mn":"ADBE Vector Shape - Ellipse","hd":false},{"ty":"st","c":{"a":0,"k":[1,1,1,1],"ix":3},"o":{"a":0,"k":100,"ix":4},"w":{"a":0,"k":1.5,"ix":5},"lc":1,"lj":1,"ml":4,"ml2":{"a":0,"k":4,"ix":8},"nm":"描边 1","mn":"ADBE Vector Graphic - Stroke","hd":true},{"ty":"fl","c":{"a":0,"k":[0.58431372549,0.819607902976,0.321568627451,1],"ix":4},"o":{"a":0,"k":100,"ix":5},"r":1,"nm":"填充 1","mn":"ADBE Vector Graphic - Fill","hd":false},{"ty":"tr","p":{"a":0,"k":[-133.214,-252.714],"ix":2},"a":{"a":0,"k":[0,0],"ix":1},"s":{"a":0,"k":[100,100],"ix":3},"r":{"a":0,"k":0,"ix":6},"o":{"a":0,"k":100,"ix":7},"sk":{"a":0,"k":0,"ix":4},"sa":{"a":0,"k":0,"ix":5},"nm":"Transform"}],"nm":"椭圆 7","np":3,"cix":2,"ix":8,"mn":"ADBE Vector Group","hd":false},{"ty":"gr","it":[{"d":1,"ty":"el","s":{"a":0,"k":[4.992,4.992],"ix":2},"p":{"a":0,"k":[0,0],"ix":3},"nm":"椭圆路径 1","mn":"ADBE Vector Shape - Ellipse","hd":false},{"ty":"st","c":{"a":0,"k":[1,1,1,1],"ix":3},"o":{"a":0,"k":100,"ix":4},"w":{"a":0,"k":1.5,"ix":5},"lc":1,"lj":1,"ml":4,"ml2":{"a":0,"k":4,"ix":8},"nm":"描边 1","mn":"ADBE Vector Graphic - Stroke","hd":true},{"ty":"fl","c":{"a":0,"k":[1,0.603921568627,0,1],"ix":4},"o":{"a":0,"k":100,"ix":5},"r":1,"nm":"填充 1","mn":"ADBE Vector Graphic - Fill","hd":false},{"ty":"tr","p":{"a":0,"k":[-133.004,-359.504],"ix":2},"a":{"a":0,"k":[0,0],"ix":1},"s":{"a":0,"k":[100,100],"ix":3},"r":{"a":0,"k":0,"ix":6},"o":{"a":0,"k":100,"ix":7},"sk":{"a":0,"k":0,"ix":4},"sa":{"a":0,"k":0,"ix":5},"nm":"Transform"}],"nm":"椭圆 6","np":3,"cix":2,"ix":9,"mn":"ADBE Vector Group","hd":false},{"ty":"gr","it":[{"d":1,"ty":"el","s":{"a":0,"k":[8.852,8.852],"ix":2},"p":{"a":0,"k":[0,0],"ix":3},"nm":"椭圆路径 1","mn":"ADBE Vector Shape - Ellipse","hd":false},{"ty":"st","c":{"a":0,"k":[1,1,1,1],"ix":3},"o":{"a":0,"k":100,"ix":4},"w":{"a":0,"k":1.5,"ix":5},"lc":1,"lj":1,"ml":4,"ml2":{"a":0,"k":4,"ix":8},"nm":"描边 1","mn":"ADBE Vector Graphic - Stroke","hd":true},{"ty":"fl","c":{"a":0,"k":[0.388235324037,0.721568627451,0.949019667682,1],"ix":4},"o":{"a":0,"k":100,"ix":5},"r":1,"nm":"填充 1","mn":"ADBE Vector Graphic - Fill","hd":false},{"ty":"tr","p":{"a":0,"k":[70.926,-288.074],"ix":2},"a":{"a":0,"k":[0,0],"ix":1},"s":{"a":0,"k":[100,100],"ix":3},"r":{"a":0,"k":0,"ix":6},"o":{"a":0,"k":100,"ix":7},"sk":{"a":0,"k":0,"ix":4},"sa":{"a":0,"k":0,"ix":5},"nm":"Transform"}],"nm":"椭圆 5","np":3,"cix":2,"ix":10,"mn":"ADBE Vector Group","hd":false},{"ty":"gr","it":[{"d":1,"ty":"el","s":{"a":0,"k":[10.631,10.631],"ix":2},"p":{"a":0,"k":[0,0],"ix":3},"nm":"椭圆路径 1","mn":"ADBE Vector Shape - Ellipse","hd":false},{"ty":"st","c":{"a":0,"k":[1,1,1,1],"ix":3},"o":{"a":0,"k":100,"ix":4},"w":{"a":0,"k":1.5,"ix":5},"lc":1,"lj":1,"ml":4,"ml2":{"a":0,"k":4,"ix":8},"nm":"描边 1","mn":"ADBE Vector Graphic - Stroke","hd":true},{"ty":"fl","c":{"a":0,"k":[0.282352941176,0.686274509804,0.980392216701,1],"ix":4},"o":{"a":0,"k":100,"ix":5},"r":1,"nm":"填充 1","mn":"ADBE Vector Graphic - Fill","hd":false},{"ty":"tr","p":{"a":0,"k":[188.315,-221.185],"ix":2},"a":{"a":0,"k":[0,0],"ix":1},"s":{"a":0,"k":[100,100],"ix":3},"r":{"a":0,"k":0,"ix":6},"o":{"a":0,"k":100,"ix":7},"sk":{"a":0,"k":0,"ix":4},"sa":{"a":0,"k":0,"ix":5},"nm":"Transform"}],"nm":"椭圆 4","np":3,"cix":2,"ix":11,"mn":"ADBE Vector Group","hd":false},{"ty":"gr","it":[{"d":1,"ty":"el","s":{"a":0,"k":[5.918,6.537],"ix":2},"p":{"a":0,"k":[0,0],"ix":3},"nm":"椭圆路径 1","mn":"ADBE Vector Shape - Ellipse","hd":false},{"ty":"st","c":{"a":0,"k":[1,1,1,1],"ix":3},"o":{"a":0,"k":100,"ix":4},"w":{"a":0,"k":1.5,"ix":5},"lc":1,"lj":1,"ml":4,"ml2":{"a":0,"k":4,"ix":8},"nm":"描边 1","mn":"ADBE Vector Graphic - Stroke","hd":true},{"ty":"fl","c":{"a":0,"k":[0.960784373564,0.431372578939,0.545098039216,1],"ix":4},"o":{"a":0,"k":100,"ix":5},"r":1,"nm":"填充 1","mn":"ADBE Vector Graphic - Fill","hd":false},{"ty":"tr","p":{"a":0,"k":[145.459,-270.104],"ix":2},"a":{"a":0,"k":[0,0],"ix":1},"s":{"a":0,"k":[163.312,148.242],"ix":3},"r":{"a":0,"k":0,"ix":6},"o":{"a":0,"k":100,"ix":7},"sk":{"a":0,"k":0,"ix":4},"sa":{"a":0,"k":0,"ix":5},"nm":"Transform"}],"nm":"椭圆 3","np":3,"cix":2,"ix":12,"mn":"ADBE Vector Group","hd":false},{"ty":"gr","it":[{"d":1,"ty":"el","s":{"a":0,"k":[5.918,6.537],"ix":2},"p":{"a":0,"k":[0,0],"ix":3},"nm":"椭圆路径 1","mn":"ADBE Vector Shape - Ellipse","hd":false},{"ty":"st","c":{"a":0,"k":[1,1,1,1],"ix":3},"o":{"a":0,"k":100,"ix":4},"w":{"a":0,"k":1.5,"ix":5},"lc":1,"lj":1,"ml":4,"ml2":{"a":0,"k":4,"ix":8},"nm":"描边 1","mn":"ADBE Vector Graphic - Stroke","hd":true},{"ty":"fl","c":{"a":0,"k":[0.960784373564,0.431372578939,0.545098039216,1],"ix":4},"o":{"a":0,"k":100,"ix":5},"r":1,"nm":"填充 1","mn":"ADBE Vector Graphic - Fill","hd":false},{"ty":"tr","p":{"a":0,"k":[67.459,-110.231],"ix":2},"a":{"a":0,"k":[0,0],"ix":1},"s":{"a":0,"k":[163.312,148.242],"ix":3},"r":{"a":0,"k":0,"ix":6},"o":{"a":0,"k":100,"ix":7},"sk":{"a":0,"k":0,"ix":4},"sa":{"a":0,"k":0,"ix":5},"nm":"Transform"}],"nm":"椭圆 2","np":3,"cix":2,"ix":13,"mn":"ADBE Vector Group","hd":false},{"ty":"gr","it":[{"d":1,"ty":"el","s":{"a":0,"k":[5.918,6.537],"ix":2},"p":{"a":0,"k":[0,0],"ix":3},"nm":"椭圆路径 1","mn":"ADBE Vector Shape - Ellipse","hd":false},{"ty":"st","c":{"a":0,"k":[1,1,1,1],"ix":3},"o":{"a":0,"k":100,"ix":4},"w":{"a":0,"k":1.5,"ix":5},"lc":1,"lj":1,"ml":4,"ml2":{"a":0,"k":4,"ix":8},"nm":"描边 1","mn":"ADBE Vector Graphic - Stroke","hd":true},{"ty":"fl","c":{"a":0,"k":[0.960784373564,0.431372578939,0.545098039216,1],"ix":4},"o":{"a":0,"k":100,"ix":5},"r":1,"nm":"填充 1","mn":"ADBE Vector Graphic - Fill","hd":false},{"ty":"tr","p":{"a":0,"k":[-133.041,-114.731],"ix":2},"a":{"a":0,"k":[0,0],"ix":1},"s":{"a":0,"k":[163.312,148.242],"ix":3},"r":{"a":0,"k":0,"ix":6},"o":{"a":0,"k":100,"ix":7},"sk":{"a":0,"k":0,"ix":4},"sa":{"a":0,"k":0,"ix":5},"nm":"Transform"}],"nm":"椭圆 1","np":3,"cix":2,"ix":14,"mn":"ADBE Vector Group","hd":false},{"ty":"gr","it":[{"ty":"rc","d":1,"s":{"a":0,"k":[6,6],"ix":2},"p":{"a":0,"k":[0,0],"ix":3},"r":{"a":0,"k":0,"ix":4},"nm":"矩形路径 1","mn":"ADBE Vector Shape - Rect","hd":false},{"ty":"st","c":{"a":0,"k":[1,0.349019607843,0,1],"ix":3},"o":{"a":0,"k":100,"ix":4},"w":{"a":0,"k":1.5,"ix":5},"lc":1,"lj":1,"ml":4,"ml2":{"a":0,"k":4,"ix":8},"nm":"描边 1","mn":"ADBE Vector Graphic - Stroke","hd":true},{"ty":"fl","c":{"a":0,"k":[1,0.349019607843,0,1],"ix":4},"o":{"a":0,"k":100,"ix":5},"r":1,"nm":"填充 1","mn":"ADBE Vector Graphic - Fill","hd":false},{"ty":"tr","p":{"a":0,"k":[-127.304,-317.383],"ix":2},"a":{"a":0,"k":[0,0],"ix":1},"s":{"a":0,"k":[100.246,100.246],"ix":3},"r":{"a":0,"k":49.462,"ix":6},"o":{"a":0,"k":100,"ix":7},"sk":{"a":0,"k":0,"ix":4},"sa":{"a":0,"k":0,"ix":5},"nm":"Transform"}],"nm":"矩形 4","np":3,"cix":2,"ix":15,"mn":"ADBE Vector Group","hd":false},{"ty":"gr","it":[{"ty":"rc","d":1,"s":{"a":0,"k":[6,6],"ix":2},"p":{"a":0,"k":[0,0],"ix":3},"r":{"a":0,"k":0,"ix":4},"nm":"矩形路径 1","mn":"ADBE Vector Shape - Rect","hd":false},{"ty":"st","c":{"a":0,"k":[1,0.349019607843,0,1],"ix":3},"o":{"a":0,"k":100,"ix":4},"w":{"a":0,"k":1.5,"ix":5},"lc":1,"lj":1,"ml":4,"ml2":{"a":0,"k":4,"ix":8},"nm":"描边 1","mn":"ADBE Vector Graphic - Stroke","hd":true},{"ty":"fl","c":{"a":0,"k":[1,0.349019607843,0,1],"ix":4},"o":{"a":0,"k":100,"ix":5},"r":1,"nm":"填充 1","mn":"ADBE Vector Graphic - Fill","hd":false},{"ty":"tr","p":{"a":0,"k":[31.196,-91.383],"ix":2},"a":{"a":0,"k":[0,0],"ix":1},"s":{"a":0,"k":[100.246,100.246],"ix":3},"r":{"a":0,"k":49.462,"ix":6},"o":{"a":0,"k":100,"ix":7},"sk":{"a":0,"k":0,"ix":4},"sa":{"a":0,"k":0,"ix":5},"nm":"Transform"}],"nm":"矩形 3","np":3,"cix":2,"ix":16,"mn":"ADBE Vector Group","hd":false},{"ty":"gr","it":[{"ty":"rc","d":1,"s":{"a":0,"k":[6,6],"ix":2},"p":{"a":0,"k":[0,0],"ix":3},"r":{"a":0,"k":0,"ix":4},"nm":"矩形路径 1","mn":"ADBE Vector Shape - Rect","hd":false},{"ty":"st","c":{"a":0,"k":[1,0.349019607843,0,1],"ix":3},"o":{"a":0,"k":100,"ix":4},"w":{"a":0,"k":1.5,"ix":5},"lc":1,"lj":1,"ml":4,"ml2":{"a":0,"k":4,"ix":8},"nm":"描边 1","mn":"ADBE Vector Graphic - Stroke","hd":false},{"ty":"fl","c":{"a":0,"k":[1,0.349019607843,0,1],"ix":4},"o":{"a":0,"k":100,"ix":5},"r":1,"nm":"填充 1","mn":"ADBE Vector Graphic - Fill","hd":true},{"ty":"tr","p":{"a":0,"k":[155.196,-151.383],"ix":2},"a":{"a":0,"k":[0,0],"ix":1},"s":{"a":0,"k":[207.732,207.732],"ix":3},"r":{"a":0,"k":49.462,"ix":6},"o":{"a":0,"k":100,"ix":7},"sk":{"a":0,"k":0,"ix":4},"sa":{"a":0,"k":0,"ix":5},"nm":"Transform"}],"nm":"矩形 2","np":3,"cix":2,"ix":17,"mn":"ADBE Vector Group","hd":false},{"ty":"gr","it":[{"ty":"rc","d":1,"s":{"a":0,"k":[6,6],"ix":2},"p":{"a":0,"k":[0,0],"ix":3},"r":{"a":0,"k":0,"ix":4},"nm":"矩形路径 1","mn":"ADBE Vector Shape - Rect","hd":false},{"ty":"st","c":{"a":0,"k":[1,0.349019607843,0,1],"ix":3},"o":{"a":0,"k":100,"ix":4},"w":{"a":0,"k":1.5,"ix":5},"lc":1,"lj":1,"ml":4,"ml2":{"a":0,"k":4,"ix":8},"nm":"描边 1","mn":"ADBE Vector Graphic - Stroke","hd":false},{"ty":"fl","c":{"a":0,"k":[1,0.349019607843,0,1],"ix":4},"o":{"a":0,"k":100,"ix":5},"r":1,"nm":"填充 1","mn":"ADBE Vector Graphic - Fill","hd":true},{"ty":"tr","p":{"a":0,"k":[-69.804,-101.383],"ix":2},"a":{"a":0,"k":[0,0],"ix":1},"s":{"a":0,"k":[207.732,207.732],"ix":3},"r":{"a":0,"k":49.462,"ix":6},"o":{"a":0,"k":100,"ix":7},"sk":{"a":0,"k":0,"ix":4},"sa":{"a":0,"k":0,"ix":5},"nm":"Transform"}],"nm":"矩形 1","np":3,"cix":2,"ix":18,"mn":"ADBE Vector Group","hd":false}],"ip":0,"op":600,"st":0,"bm":0},{"ddd":0,"ind":3,"ty":5,"nm":"x 20","sr":1,"ks":{"o":{"a":1,"k":[{"i":{"x":[0.833],"y":[0.833]},"o":{"x":[0.167],"y":[0.167]},"n":["0p833_0p833_0p167_0p167"],"t":0,"s":[0],"e":[0]},{"i":{"x":[0.833],"y":[0.833]},"o":{"x":[0.167],"y":[0.167]},"n":["0p833_0p833_0p167_0p167"],"t":6,"s":[0],"e":[100]},{"t":24}],"ix":11},"r":{"a":0,"k":0,"ix":10},"p":{"a":1,"k":[{"i":{"x":0.833,"y":0.833},"o":{"x":0.167,"y":0.167},"n":"0p833_0p833_0p167_0p167","t":41,"s":[389.214,706,0],"e":[225.214,726,0],"to":[0,0,0],"ti":[0,0,0]},{"i":{"x":0.833,"y":0.833},"o":{"x":0.167,"y":0.167},"n":"0p833_0p833_0p167_0p167","t":46,"s":[225.214,726,0],"e":[389.214,706,0],"to":[0,0,0],"ti":[0,0,0]},{"t":56}],"ix":2},"a":{"a":0,"k":[0,0,0],"ix":1},"s":{"a":1,"k":[{"i":{"x":[0.833,0.833,0.833],"y":[0.833,0.833,0.833]},"o":{"x":[0.167,0.167,0.167],"y":[0.167,0.167,0.167]},"n":["0p833_0p833_0p167_0p167","0p833_0p833_0p167_0p167","0p833_0p833_0p167_0p167"],"t":41,"s":[100,100,100],"e":[360,360,100]},{"i":{"x":[0.833,0.833,0.833],"y":[0.833,0.833,0.833]},"o":{"x":[0.167,0.167,0.167],"y":[0.167,0.167,0.167]},"n":["0p833_0p833_0p167_0p167","0p833_0p833_0p167_0p167","0p833_0p833_0p167_0p167"],"t":46,"s":[360,360,100],"e":[100,100,100]},{"t":56}],"ix":6}},"ao":0,"t":{"d":{"k":[{"s":{"s":52,"f":"PingFangSC-Medium","t":"x 20","j":0,"tr":0,"lh":62.4,"ls":0,"fc":[0.996,0.753,0]},"t":0}]},"p":{},"m":{"g":1,"a":{"a":0,"k":[0,0],"ix":2}},"a":[]},"ip":0,"op":600,"st":0,"bm":0},{"ddd":0,"ind":4,"ty":5,"nm":"猫饼干","sr":1,"ks":{"o":{"a":1,"k":[{"i":{"x":[0.833],"y":[0.833]},"o":{"x":[0.167],"y":[0.167]},"n":["0p833_0p833_0p167_0p167"],"t":0,"s":[0],"e":[0]},{"i":{"x":[0.833],"y":[0.833]},"o":{"x":[0.167],"y":[0.167]},"n":["0p833_0p833_0p167_0p167"],"t":6,"s":[0],"e":[100]},{"t":24}],"ix":11},"r":{"a":0,"k":0,"ix":10},"p":{"a":0,"k":[254,703.596,0],"ix":2},"a":{"a":0,"k":[0,0,0],"ix":1},"s":{"a":0,"k":[100,100,100],"ix":6}},"ao":0,"t":{"d":{"k":[{"s":{"s":34,"f":"PingFangSC-Medium","t":"猫饼干","j":0,"tr":0,"lh":40.8,"ls":0,"fc":[0.922,0.922,0.922]},"t":0}]},"p":{},"m":{"g":1,"a":{"a":0,"k":[0,0],"ix":2}},"a":[]},"ip":0,"op":600,"st":0,"bm":0},{"ddd":0,"ind":5,"ty":5,"nm":"打赏成功！","sr":1,"ks":{"o":{"a":1,"k":[{"i":{"x":[0.833],"y":[0.833]},"o":{"x":[0.167],"y":[0.167]},"n":["0p833_0p833_0p167_0p167"],"t":0,"s":[0],"e":[0]},{"i":{"x":[0.833],"y":[0.833]},"o":{"x":[0.167],"y":[0.167]},"n":["0p833_0p833_0p167_0p167"],"t":16,"s":[0],"e":[100]},{"t":34}],"ix":11},"r":{"a":0,"k":0,"ix":10},"p":{"a":0,"k":[283.45,815.596,0],"ix":2},"a":{"a":0,"k":[0,0,0],"ix":1},"s":{"a":0,"k":[100,100,100],"ix":6}},"ao":0,"t":{"d":{"k":[{"s":{"s":42,"f":"PingFangSC-Medium","t":"打赏成功！","j":0,"tr":0,"lh":50.4,"ls":0,"fc":[0.922,0.922,0.922]},"t":0}]},"p":{},"m":{"g":1,"a":{"a":0,"k":[0,0],"ix":2}},"a":[]},"ip":0,"op":600,"st":0,"bm":0},{"ddd":0,"ind":6,"ty":2,"nm":"button@2x.png","cl":"png","refId":"image_1","sr":1,"ks":{"o":{"a":1,"k":[{"i":{"x":[0.833],"y":[0.833]},"o":{"x":[0.167],"y":[0.167]},"n":["0p833_0p833_0p167_0p167"],"t":0,"s":[0],"e":[0]},{"i":{"x":[0.833],"y":[0.833]},"o":{"x":[0.167],"y":[0.167]},"n":["0p833_0p833_0p167_0p167"],"t":27,"s":[0],"e":[100]},{"t":43}],"ix":11},"r":{"a":0,"k":0,"ix":10},"p":{"a":0,"k":[375,963,0],"ix":2},"a":{"a":0,"k":[156.5,38,0],"ix":1},"s":{"a":0,"k":[100,100,100],"ix":6}},"ao":0,"ip":0,"op":600,"st":0,"bm":0}],"markers":[],"chars":[{"ch":"打","size":42,"style":"Medium","w":100,"data":{"shapes":[{"ty":"gr","it":[{"ind":0,"ty":"sh","ix":1,"ks":{"a":0,"k":{"i":[[0,0],[4.431,-1.712],[0,0],[0,0],[0,0],[0,0],[0,0],[0,0],[0,0],[0,0],[0,0],[0,0],[0,0],[5.64,-1.208],[0,0],[-4.733,1.511],[0,0],[2.417,0],[3.223,0.302],[0,0],[0,0],[0,6.445],[0,0],[-4.431,1.913]],"o":[[-4.431,2.115],[0,0],[0,0],[0,0],[0,0],[0,0],[0,0],[0,0],[0,0],[0,0],[0,0],[0,0],[-5.438,1.712],[0,0],[4.834,-1.309],[0,0],[0,2.316],[-2.921,0],[0,0],[0,0],[6.647,0],[0,0],[4.431,-1.712],[0,0]],"v":[[42.902,-43.506],[29.608,-37.766],[29.608,-55.692],[41.895,-55.692],[41.895,-64.856],[29.608,-64.856],[29.608,-82.178],[19.94,-82.178],[19.94,-64.856],[4.935,-64.856],[4.935,-55.692],[19.94,-55.692],[19.94,-34.341],[3.323,-30.011],[5.64,-20.947],[19.94,-25.177],[19.94,-2.82],[16.214,0.705],[6.949,0.201],[9.164,9.467],[19.537,9.467],[29.608,-0.302],[29.608,-28.601],[42.902,-34.039]],"c":true},"ix":2},"nm":"打","mn":"ADBE Vector Shape - Group","hd":false},{"ind":1,"ty":"sh","ix":2,"ks":{"a":0,"k":{"i":[[0,0],[0,0],[0,0],[0,0],[2.216,0],[5.438,0.302],[0,0],[0,0],[0,6.848],[0,0],[0,0],[0,0]],"o":[[0,0],[0,0],[0,0],[0,2.618],[-4.935,0],[0,0],[0,0],[6.445,0],[0,0],[0,0],[0,0],[0,0]],"v":[[44.412,-75.531],[44.412,-66.266],[70.395,-66.266],[70.395,-3.525],[66.971,0.504],[51.361,0],[53.476,9.265],[70.294,9.265],[80.063,-1.108],[80.063,-66.266],[95.572,-66.266],[95.572,-75.531]],"c":true},"ix":2},"nm":"打","mn":"ADBE Vector Shape - Group","hd":false}],"nm":"打","np":5,"cix":2,"ix":1,"mn":"ADBE Vector Group","hd":false}]},"fFamily":"PingFang SC"},{"ch":"赏","size":42,"style":"Medium","w":100,"data":{"shapes":[{"ty":"gr","it":[{"ind":0,"ty":"sh","ix":1,"ks":{"a":0,"k":{"i":[[0,0],[0,0],[0,0],[0,0]],"o":[[0,0],[0,0],[0,0],[0,0]],"v":[[23.969,-57.907],[23.969,-38.068],[76.74,-38.068],[76.74,-57.907]],"c":true},"ix":2},"nm":"赏","mn":"ADBE Vector Shape - Group","hd":false},{"ind":1,"ty":"sh","ix":2,"ks":{"a":0,"k":{"i":[[0,0],[0,0],[0,0],[0,0]],"o":[[0,0],[0,0],[0,0],[0,0]],"v":[[67.374,-44.815],[33.334,-44.815],[33.334,-51.059],[67.374,-51.059]],"c":true},"ix":2},"nm":"赏","mn":"ADBE Vector Shape - Group","hd":false},{"ind":2,"ty":"sh","ix":3,"ks":{"a":0,"k":{"i":[[0,0],[0,0],[0,0],[2.216,2.921],[0,0],[-1.511,-2.618],[0,0],[0,0],[0,0],[0,0],[0,0],[0,0],[0,0],[0,0],[0,0],[-1.309,2.82],[0,0],[2.115,-3.424],[0,0],[0,0]],"o":[[0,0],[0,0],[-1.813,-4.129],[0,0],[1.813,2.216],[0,0],[0,0],[0,0],[0,0],[0,0],[0,0],[0,0],[0,0],[0,0],[1.611,-2.216],[0,0],[-1.611,3.827],[0,0],[0,0],[0,0]],"v":[[45.319,-82.681],[45.319,-71.301],[35.449,-71.301],[29.407,-81.876],[20.343,-78.552],[25.378,-71.301],[7.452,-71.301],[7.452,-50.052],[17.02,-50.052],[17.02,-63.043],[83.688,-63.043],[83.688,-50.153],[93.155,-50.153],[93.155,-71.301],[75.833,-71.301],[80.164,-78.854],[70.898,-82.077],[65.359,-71.301],[55.389,-71.301],[55.389,-82.681]],"c":true},"ix":2},"nm":"赏","mn":"ADBE Vector Shape - Group","hd":false},{"ind":3,"ty":"sh","ix":4,"ks":{"a":0,"k":{"i":[[0,0],[0,0],[0,0],[0,0],[0,0],[0,0],[0,0],[0,0]],"o":[[0,0],[0,0],[0,0],[0,0],[0,0],[0,0],[0,0],[0,0]],"v":[[82.681,-33.737],[18.127,-33.737],[18.127,-4.733],[27.594,-4.733],[27.594,-25.278],[73.215,-25.278],[73.215,-5.841],[82.681,-5.841]],"c":true},"ix":2},"nm":"赏","mn":"ADBE Vector Shape - Group","hd":false},{"ind":4,"ty":"sh","ix":5,"ks":{"a":0,"k":{"i":[[13.293,2.719],[0,0],[-11.581,-4.834],[0,0]],"o":[[0,0],[12.085,2.618],[0,0],[-10.876,-4.028]],"v":[[56.9,-7.15],[52.066,0.101],[87.616,11.279],[93.054,2.921]],"c":true},"ix":2},"nm":"赏","mn":"ADBE Vector Shape - Group","hd":false},{"ind":5,"ty":"sh","ix":6,"ks":{"a":0,"k":{"i":[[0,0],[4.431,-3.424],[15.71,-0.604],[0,0],[-5.035,4.834],[-1.41,11.481]],"o":[[-0.806,8.459],[-4.935,3.625],[0,0],[18.631,-1.41],[4.633,-3.726],[0,0]],"v":[[46.124,-22.156],[38.37,-4.33],[7.452,2.014],[11.279,10.675],[46.729,1.41],[55.692,-21.35]],"c":true},"ix":2},"nm":"赏","mn":"ADBE Vector Shape - Group","hd":false}],"nm":"赏","np":9,"cix":2,"ix":1,"mn":"ADBE Vector Group","hd":false}]},"fFamily":"PingFang SC"},{"ch":"成","size":42,"style":"Medium","w":100,"data":{"shapes":[{"ty":"gr","it":[{"ind":0,"ty":"sh","ix":1,"ks":{"a":0,"k":{"i":[[4.633,3.525],[0,0],[-2.719,-3.021],[0,0],[0,5.237],[0,0],[-0.201,-4.733],[0,0],[0,0],[6.244,-9.164],[0,0],[-0.403,18.631],[0,0],[0,0],[0.604,-2.618],[1.813,-0.101],[4.028,0.201],[0,0],[-2.417,0],[-1.611,4.23],[-0.201,18.228],[0,0],[0,0],[0,0],[-2.216,-8.157],[-1.41,-3.625],[9.668,-4.33],[0,0],[-6.747,7.553],[-1.611,-2.014],[-4.431,0],[-2.518,13.898],[0,0],[1.309,0],[3.021,4.431],[1.108,2.417],[-4.028,12.891],[0,0],[4.23,-7.452],[0.403,1.712],[0.705,11.884],[0,0],[0,0],[0,0],[0,0]],"o":[[0,0],[4.23,3.223],[0,0],[-0.201,-4.633],[0,0],[0,5.136],[0,0],[0,0],[-0.302,16.415],[0,0],[7.654,-11.279],[0,0],[0,0],[-0.201,10.474],[-0.604,2.216],[-2.82,0],[0,0],[3.122,0.302],[5.237,-0.101],[1.611,-4.834],[0,0],[0,0],[0,0],[0.705,12.286],[1.108,4.23],[-6.647,8.258],[0,0],[8.862,-3.928],[1.309,2.417],[4.834,5.942],[4.834,0],[0,0],[-1.309,9.869],[-1.611,0],[-1.108,-1.712],[6.244,-9.064],[0,0],[-2.82,9.567],[-0.504,-1.611],[-1.712,-6.546],[0,0],[0,0],[0,0],[0,0],[-3.223,-3.625]],"v":[[76.035,-83.286],[69.992,-77.444],[80.365,-67.978],[64.856,-67.978],[64.453,-82.782],[54.785,-82.782],[54.987,-67.978],[13.495,-67.978],[13.495,-34.442],[3.625,3.928],[10.876,10.373],[23.062,-34.442],[23.062,-35.046],[38.269,-35.046],[37.161,-15.308],[33.636,-11.884],[23.465,-12.286],[26.385,-3.625],[34.744,-3.122],[45.016,-9.567],[47.736,-44.11],[23.062,-44.11],[23.062,-58.813],[55.49,-58.813],[59.821,-28.198],[63.547,-16.415],[39.075,2.417],[44.513,10.474],[67.978,-6.747],[72.308,-0.101],[86.206,8.862],[97.284,-12.085],[88.623,-16.718],[84.695,-1.913],[77.646,-8.661],[74.323,-14.804],[89.63,-47.836],[80.869,-51.562],[70.294,-26.083],[68.884,-31.119],[65.259,-58.813],[95.27,-58.813],[95.27,-67.978],[83.185,-67.978],[87.817,-72.61]],"c":true},"ix":2},"nm":"成","mn":"ADBE Vector Shape - Group","hd":false}],"nm":"成","np":3,"cix":2,"ix":1,"mn":"ADBE Vector Group","hd":false}]},"fFamily":"PingFang SC"},{"ch":"功","size":42,"style":"Medium","w":100,"data":{"shapes":[{"ty":"gr","it":[{"ind":0,"ty":"sh","ix":1,"ks":{"a":0,"k":{"i":[[0,0],[0,0],[5.035,-0.806],[0,0],[-11.581,4.129],[0,0],[5.035,-1.511],[0,0],[0,0],[0,0],[0,0],[0,0]],"o":[[0,0],[-4.935,1.108],[0,0],[13.092,-2.82],[0,0],[-4.935,1.813],[0,0],[0,0],[0,0],[0,0],[0,0],[0,0]],"v":[[18.631,-62.943],[18.631,-17.02],[3.726,-14.099],[6.143,-4.431],[43.103,-14.905],[43.103,-24.472],[28.198,-19.537],[28.198,-62.943],[41.895,-62.943],[41.895,-72.107],[4.935,-72.107],[4.935,-62.943]],"c":true},"ix":2},"nm":"功","mn":"ADBE Vector Shape - Group","hd":false},{"ind":1,"ty":"sh","ix":2,"ks":{"a":0,"k":{"i":[[0,0],[0,0],[0,0],[0,0],[0,0],[0,0],[14.301,-11.884],[0,0],[-0.403,29.205],[0,0],[0,0],[0.604,-4.733],[5.841,0],[4.028,0.302],[0,0],[-1.813,0],[-1.309,7.553],[0,32.831],[0,0],[0,0]],"o":[[0,0],[0,0],[0,0],[0,0],[0,0],[-0.201,26.385],[0,0],[15.308,-13.696],[0,0],[0,0],[-0.201,26.788],[-0.906,4.532],[-2.82,0],[0,0],[4.532,0.302],[10.272,0],[1.007,-7.755],[0,0],[0,0],[0,0]],"v":[[59.015,-82.278],[59.015,-62.741],[43.808,-62.741],[43.808,-53.476],[59.015,-53.476],[59.015,-53.174],[37.262,4.23],[45.117,11.179],[68.683,-53.174],[68.683,-53.476],[84.595,-53.476],[83.487,-6.244],[73.416,0.604],[63.144,0.101],[65.46,9.064],[75.027,9.567],[92.45,-1.813],[93.961,-62.741],[68.683,-62.741],[68.683,-82.278]],"c":true},"ix":2},"nm":"功","mn":"ADBE Vector Shape - Group","hd":false}],"nm":"功","np":5,"cix":2,"ix":1,"mn":"ADBE Vector Group","hd":false}]},"fFamily":"PingFang SC"},{"ch":"！","size":42,"style":"Medium","w":100,"data":{"shapes":[{"ty":"gr","it":[{"ind":0,"ty":"sh","ix":1,"ks":{"a":0,"k":{"i":[[0,0],[0,0],[0,0],[0,0]],"o":[[0,0],[0,0],[0,0],[0,0]],"v":[[18.933,-71.906],[21.249,-20.343],[29.205,-20.343],[31.522,-71.906]],"c":true},"ix":2},"nm":"！","mn":"ADBE Vector Shape - Group","hd":false},{"ind":1,"ty":"sh","ix":2,"ks":{"a":0,"k":{"i":[[2.115,0],[1.41,-1.41],[0,-2.115],[-1.511,-1.41],[-2.014,0],[-1.511,1.309],[0,2.115],[1.41,1.309]],"o":[[-2.014,0],[-1.511,1.309],[0,2.014],[1.41,1.41],[2.014,0],[1.41,-1.41],[0,-2.115],[-1.41,-1.41]],"v":[[25.177,-14.401],[20.041,-12.387],[17.825,-7.251],[20.041,-2.115],[25.177,0],[30.515,-2.014],[32.629,-7.251],[30.515,-12.387]],"c":true},"ix":2},"nm":"！","mn":"ADBE Vector Shape - Group","hd":false}],"nm":"！","np":5,"cix":2,"ix":1,"mn":"ADBE Vector Group","hd":false}]},"fFamily":"PingFang SC"},{"ch":"猫","size":34,"style":"Medium","w":100,"data":{"shapes":[{"ty":"gr","it":[{"ind":0,"ty":"sh","ix":1,"ks":{"a":0,"k":{"i":[[0,0],[0,0],[0,0],[0,0],[0,0],[0,0],[0,0],[0,0]],"o":[[0,0],[0,0],[0,0],[0,0],[0,0],[0,0],[0,0],[0,0]],"v":[[93.558,-48.944],[40.887,-48.944],[40.887,10.172],[50.052,10.172],[50.052,6.143],[84.393,6.143],[84.393,10.172],[93.558,10.172]],"c":true},"ix":2},"nm":"猫","mn":"ADBE Vector Shape - Group","hd":false},{"ind":1,"ty":"sh","ix":2,"ks":{"a":0,"k":{"i":[[0,0],[0,0],[0,0],[0,0]],"o":[[0,0],[0,0],[0,0],[0,0]],"v":[[50.052,-2.719],[50.052,-16.919],[62.842,-16.919],[62.842,-2.719]],"c":true},"ix":2},"nm":"猫","mn":"ADBE Vector Shape - Group","hd":false},{"ind":2,"ty":"sh","ix":3,"ks":{"a":0,"k":{"i":[[0,0],[0,0],[0,0],[0,0]],"o":[[0,0],[0,0],[0,0],[0,0]],"v":[[71.704,-2.719],[71.704,-16.919],[84.393,-16.919],[84.393,-2.719]],"c":true},"ix":2},"nm":"猫","mn":"ADBE Vector Shape - Group","hd":false},{"ind":3,"ty":"sh","ix":4,"ks":{"a":0,"k":{"i":[[0,0],[0,0],[0,0],[0,0]],"o":[[0,0],[0,0],[0,0],[0,0]],"v":[[50.052,-25.479],[50.052,-40.182],[62.842,-40.182],[62.842,-25.479]],"c":true},"ix":2},"nm":"猫","mn":"ADBE Vector Shape - Group","hd":false},{"ind":4,"ty":"sh","ix":5,"ks":{"a":0,"k":{"i":[[0,0],[0,0],[0,0],[0,0]],"o":[[0,0],[0,0],[0,0],[0,0]],"v":[[71.704,-40.182],[84.393,-40.182],[84.393,-25.479],[71.704,-25.479]],"c":true},"ix":2},"nm":"猫","mn":"ADBE Vector Shape - Group","hd":false},{"ind":5,"ty":"sh","ix":6,"ks":{"a":0,"k":{"i":[[0,0],[0,0],[0,0],[0,0],[0,0],[0,0],[0,0],[0,0],[0,0],[0,0],[0,0],[0,0],[0,0],[0,0],[0,0],[0,0],[0,0],[0,0],[0,0],[0,0]],"o":[[0,0],[0,0],[0,0],[0,0],[0,0],[0,0],[0,0],[0,0],[0,0],[0,0],[0,0],[0,0],[0,0],[0,0],[0,0],[0,0],[0,0],[0,0],[0,0],[0,0]],"v":[[50.354,-82.379],[50.354,-71.704],[37.766,-71.704],[37.766,-62.741],[50.354,-62.741],[50.354,-52.771],[59.418,-52.771],[59.418,-62.741],[74.725,-62.741],[74.725,-52.67],[83.789,-52.67],[83.789,-62.741],[96.378,-62.741],[96.378,-71.704],[83.789,-71.704],[83.789,-82.379],[74.725,-82.379],[74.725,-71.704],[59.418,-71.704],[59.418,-82.379]],"c":true},"ix":2},"nm":"猫","mn":"ADBE Vector Shape - Group","hd":false},{"ind":6,"ty":"sh","ix":7,"ks":{"a":0,"k":{"i":[[0,0],[3.021,-3.625],[3.525,3.625],[0,0],[-2.719,-4.23],[4.431,-2.316],[0,0],[-3.424,2.719],[0,0],[-0.604,-3.726],[8.661,-5.841],[0,0],[-4.633,6.345],[0,-2.82],[2.014,-2.518],[2.82,0],[3.021,0.403],[0,0],[-3.223,0],[-2.417,1.712],[0,16.415],[2.921,8.057],[0.604,1.208],[-3.827,6.244]],"o":[[-2.719,4.532],[-2.618,-3.625],[0,0],[4.028,3.525],[-4.028,3.625],[0,0],[4.532,-3.021],[0,0],[1.007,2.719],[-4.733,8.057],[0,0],[6.042,-4.431],[0.101,2.417],[0,12.689],[-0.906,1.007],[-2.82,0],[0,0],[2.014,0],[4.028,0],[4.028,-3.424],[-0.302,-14.905],[-0.504,-1.208],[3.827,-4.23],[0,0]],"v":[[31.723,-81.976],[23.163,-69.791],[13.998,-80.667],[6.445,-74.826],[16.516,-63.144],[3.827,-54.282],[8.963,-46.024],[20.947,-54.684],[21.35,-53.677],[23.767,-44.009],[3.625,-23.264],[9.164,-15.207],[25.177,-31.32],[25.378,-23.566],[22.357,-0.806],[16.818,0.806],[8.057,0.201],[10.876,9.164],[18.832,9.265],[28.5,6.647],[34.543,-23.062],[29.709,-57.605],[28.098,-61.331],[39.578,-77.042]],"c":true},"ix":2},"nm":"猫","mn":"ADBE Vector Shape - Group","hd":false}],"nm":"猫","np":10,"cix":2,"ix":1,"mn":"ADBE Vector Group","hd":false}]},"fFamily":"PingFang SC"},{"ch":"饼","size":34,"style":"Medium","w":100,"data":{"shapes":[{"ty":"gr","it":[{"ind":0,"ty":"sh","ix":1,"ks":{"a":0,"k":{"i":[[3.021,4.733],[0,0],[-2.719,-5.539],[0,0],[0,0],[0,0],[0,0],[0,0],[0,0],[0,0],[7.855,-6.647],[0,0],[-1.712,15.912],[0,0],[0,0],[0,0],[0,0],[0,0],[0,0],[0,0],[0,0],[0,0],[0,0],[0,0],[-2.417,6.042],[0,0],[3.323,-6.042],[0,0],[0,0]],"o":[[0,0],[3.021,4.431],[0,0],[0,0],[0,0],[0,0],[0,0],[0,0],[0,0],[-1.511,13.092],[0,0],[9.164,-8.057],[0,0],[0,0],[0,0],[0,0],[0,0],[0,0],[0,0],[0,0],[0,0],[0,0],[0,0],[2.82,-4.633],[0,0],[-2.417,6.848],[0,0],[0,0],[-2.921,-5.64]],"v":[[55.49,-83.084],[47.534,-79.257],[56.195,-64.252],[43.204,-64.252],[43.204,-55.289],[52.771,-55.289],[52.771,-33.636],[40.988,-33.636],[40.988,-24.673],[52.167,-24.673],[38.068,5.035],[45.016,11.179],[61.331,-24.673],[75.33,-24.673],[75.33,10.373],[84.595,10.373],[84.595,-24.673],[96.378,-24.673],[96.378,-33.636],[84.595,-33.636],[84.595,-55.289],[93.86,-55.289],[93.86,-64.252],[82.581,-64.252],[90.536,-80.264],[81.674,-83.487],[73.013,-64.252],[57.706,-64.252],[64.453,-67.474]],"c":true},"ix":2},"nm":"饼","mn":"ADBE Vector Shape - Group","hd":false},{"ind":1,"ty":"sh","ix":2,"ks":{"a":0,"k":{"i":[[0,0],[0,0],[0,0],[0,0]],"o":[[0,0],[0,0],[0,0],[0,0]],"v":[[61.935,-55.289],[75.33,-55.289],[75.33,-33.636],[61.935,-33.636]],"c":true},"ix":2},"nm":"饼","mn":"ADBE Vector Shape - Group","hd":false},{"ind":2,"ty":"sh","ix":3,"ks":{"a":0,"k":{"i":[[-2.82,8.057],[0,0],[1.913,-2.417],[0,0],[-2.618,6.143],[0,0],[0,0],[-0.806,5.035],[0,0],[6.345,-9.265],[0,0]],"o":[[0,0],[-1.712,3.223],[0,0],[3.021,-4.129],[0,0],[0,0],[1.108,-4.431],[0,0],[-2.216,15.509],[0,0],[4.23,-5.539]],"v":[[19.537,-57.404],[30.011,-57.404],[24.573,-48.843],[31.32,-43.405],[39.78,-58.813],[39.78,-66.266],[22.156,-66.266],[25.076,-80.365],[15.61,-81.876],[2.82,-44.714],[9.064,-37.061]],"c":true},"ix":2},"nm":"饼","mn":"ADBE Vector Shape - Group","hd":false},{"ind":3,"ty":"sh","ix":4,"ks":{"a":0,"k":{"i":[[0,0],[0,0],[1.611,-1.007],[0,0],[-6.244,4.633],[0,0],[4.028,-2.216],[0,0]],"o":[[0,0],[0,2.316],[0,0],[8.359,-3.021],[0,0],[-4.028,3.424],[0,0],[0,0]],"v":[[17.12,-45.218],[17.12,-4.431],[14.703,0.604],[18.43,8.661],[40.283,-2.921],[38.672,-11.783],[26.486,-3.424],[26.486,-45.218]],"c":true},"ix":2},"nm":"饼","mn":"ADBE Vector Shape - Group","hd":false}],"nm":"饼","np":7,"cix":2,"ix":1,"mn":"ADBE Vector Group","hd":false}]},"fFamily":"PingFang SC"},{"ch":"干","size":34,"style":"Medium","w":100,"data":{"shapes":[{"ty":"gr","it":[{"ind":0,"ty":"sh","ix":1,"ks":{"a":0,"k":{"i":[[0,0],[0,0],[0,0],[0,0],[0,0],[0,0],[0,0],[0,0],[0,0],[0,0],[0,0],[0,0],[0,0],[0,0],[0,0],[0,0]],"o":[[0,0],[0,0],[0,0],[0,0],[0,0],[0,0],[0,0],[0,0],[0,0],[0,0],[0,0],[0,0],[0,0],[0,0],[0,0],[0,0]],"v":[[12.991,-77.243],[12.991,-68.179],[45.721,-68.179],[45.721,-42.197],[5.338,-42.197],[5.338,-32.932],[45.721,-32.932],[45.721,10.272],[55.389,10.272],[55.389,-32.932],[95.471,-32.932],[95.471,-42.197],[55.389,-42.197],[55.389,-68.179],[88.019,-68.179],[88.019,-77.243]],"c":true},"ix":2},"nm":"干","mn":"ADBE Vector Shape - Group","hd":false}],"nm":"干","np":3,"cix":2,"ix":1,"mn":"ADBE Vector Group","hd":false}]},"fFamily":"PingFang SC"},{"ch":"x","size":52,"style":"Medium","w":53,"data":{"shapes":[{"ty":"gr","it":[{"ind":0,"ty":"sh","ix":1,"ks":{"a":0,"k":{"i":[[0,0],[0,0],[0,0],[0,0],[0,0],[0,0],[0,0],[0,0],[0,0],[0,0],[0,0],[0,0]],"o":[[0,0],[0,0],[0,0],[0,0],[0,0],[0,0],[0,0],[0,0],[0,0],[0,0],[0,0],[0,0]],"v":[[2.82,-52.066],[20.847,-27.695],[0.504,0],[13.092,0],[26.788,-19.839],[40.384,0],[52.872,0],[32.629,-27.695],[50.656,-52.066],[38.168,-52.066],[26.788,-35.55],[15.308,-52.066]],"c":true},"ix":2},"nm":"x","mn":"ADBE Vector Shape - Group","hd":false}],"nm":"x","np":3,"cix":2,"ix":1,"mn":"ADBE Vector Group","hd":false}]},"fFamily":"PingFang SC"},{"ch":" ","size":52,"style":"Medium","w":33.3,"data":{},"fFamily":"PingFang SC"},{"ch":"2","size":52,"style":"Medium","w":60,"data":{"shapes":[{"ty":"gr","it":[{"ind":0,"ty":"sh","ix":1,"ks":{"a":0,"k":{"i":[[6.848,0],[4.633,-5.237],[0.101,-8.057],[0,0],[-2.417,3.021],[-4.532,0],[-2.216,-2.014],[0,-4.028],[3.223,-3.625],[4.834,-3.424],[2.618,-3.122],[0,-7.15],[0,0],[0,0],[0,0],[-7.755,5.136],[-2.82,2.921],[0,6.244],[4.33,4.028]],"o":[[-7.654,0],[-4.532,4.834],[0,0],[0.201,-5.841],[2.316,-3.122],[4.23,0],[2.216,2.014],[0,4.23],[-2.014,2.115],[-8.157,5.64],[-4.834,5.438],[0,0],[0,0],[0,0],[1.511,-3.928],[7.15,-4.834],[4.633,-5.136],[0,-6.345],[-4.431,-4.028]],"v":[[31.32,-73.315],[12.79,-65.561],[5.841,-46.225],[16.818,-46.225],[20.645,-59.418],[30.917,-64.05],[40.686,-61.029],[44.009,-51.965],[39.075,-40.182],[28.802,-31.924],[12.589,-18.832],[5.438,0],[54.987,0],[54.987,-9.668],[19.034,-9.668],[32.932,-23.264],[47.836,-34.845],[54.886,-51.865],[48.34,-67.374]],"c":true},"ix":2},"nm":"2","mn":"ADBE Vector Shape - Group","hd":false}],"nm":"2","np":3,"cix":2,"ix":1,"mn":"ADBE Vector Group","hd":false}]},"fFamily":"PingFang SC"},{"ch":"0","size":52,"style":"Medium","w":60,"data":{"shapes":[{"ty":"gr","it":[{"ind":0,"ty":"sh","ix":1,"ks":{"a":0,"k":{"i":[[8.459,0],[4.633,-7.15],[0,-11.279],[-4.23,-6.647],[-8.459,0],[-4.633,7.05],[0,11.078],[4.23,6.647]],"o":[[-8.459,0],[-4.23,6.546],[0,11.179],[4.633,7.05],[8.459,0],[4.23,-6.647],[0,-11.179],[-4.633,-7.15]],"v":[[30.212,-73.315],[10.574,-62.64],[4.23,-35.953],[10.574,-9.265],[30.212,1.41],[49.85,-9.265],[56.195,-35.953],[49.85,-62.64]],"c":true},"ix":2},"nm":"0","mn":"ADBE Vector Shape - Group","hd":false},{"ind":1,"ty":"sh","ix":2,"ks":{"a":0,"k":{"i":[[-5.942,0],[-2.417,-6.546],[0,-7.755],[1.712,-4.532],[5.841,0],[2.417,6.445],[0,7.654],[-1.813,4.431]],"o":[[5.841,0],[1.712,4.431],[0,7.654],[-2.417,6.445],[-5.942,0],[-1.813,-4.532],[0,-7.755],[2.417,-6.546]],"v":[[30.212,-64.05],[42.7,-54.282],[45.319,-35.953],[42.7,-17.624],[30.212,-7.855],[17.725,-17.624],[15.106,-35.953],[17.725,-54.282]],"c":true},"ix":2},"nm":"0","mn":"ADBE Vector Shape - Group","hd":false}],"nm":"0","np":5,"cix":2,"ix":1,"mn":"ADBE Vector Group","hd":false}]},"fFamily":"PingFang SC"}]}