{"v":"5.3.4","fr":30,"ip":0,"op":40,"w":80,"h":34,"nm":"04_加入","ddd":0,"assets":[],"layers":[{"ddd":0,"ind":2,"ty":4,"nm":"加入 Outlines","sr":1,"ks":{"o":{"a":0,"k":100,"ix":11},"r":{"a":0,"k":0,"ix":10},"p":{"a":1,"k":[{"i":{"x":0.667,"y":1},"o":{"x":0.983,"y":0},"n":"0p667_1_0p983_0","t":0,"s":[40,17,0],"e":[40,-11,0],"to":[0,-4.66666650772095,0],"ti":[0,4.66666650772095,0]},{"t":10}],"ix":2},"a":{"a":0,"k":[20.02,-7.281,0],"ix":1},"s":{"a":0,"k":[100,100,100],"ix":6}},"ao":0,"shapes":[{"ty":"gr","it":[{"ind":0,"ty":"sh","ix":1,"ks":{"a":0,"k":{"i":[[0,0],[0,0],[0,0],[0,0],[0,0],[0,0],[0,0],[0,0]],"o":[[0,0],[0,0],[0,0],[0,0],[0,0],[0,0],[0,0],[0,0]],"v":[[18.349,-13.455],[11.763,-13.455],[11.763,1.712],[13.152,1.712],[13.152,0.363],[16.939,0.363],[16.939,1.712],[18.349,1.712]],"c":true},"ix":2},"nm":"加","mn":"ADBE Vector Shape - Group","hd":false},{"ind":1,"ty":"sh","ix":2,"ks":{"a":0,"k":{"i":[[0,0],[0,0],[0,0],[0,0]],"o":[[0,0],[0,0],[0,0],[0,0]],"v":[[13.152,-1.027],[13.152,-12.065],[16.939,-12.065],[16.939,-1.027]],"c":true},"ix":2},"nm":"加","mn":"ADBE Vector Shape - Group","hd":false},{"ind":2,"ty":"sh","ix":3,"ks":{"a":0,"k":{"i":[[0,0],[0,0],[0,0],[0,0],[0,0],[2.336,-2.518],[0,0],[-0.081,5.942],[0,0],[0.121,-1.047],[1.027,0],[0.645,0.04],[0,0],[-0.302,0],[-0.201,1.652],[0,6.284],[0,0],[0,0]],"o":[[0,0],[0,0],[0,0],[0,0],[-0.06,5.519],[0,0],[2.578,-2.739],[0,0],[-0.04,5.398],[-0.161,1.148],[-0.483,0],[0,0],[0.725,0.04],[1.772,0],[0.201,-1.49],[0,0],[0,0],[0,0]],"v":[[4.351,-16.395],[4.351,-12.327],[1.128,-12.327],[1.128,-10.917],[4.351,-10.917],[0.745,1.148],[1.813,2.095],[5.801,-10.917],[8.48,-10.917],[8.238,-1.229],[6.445,0.504],[4.753,0.423],[5.116,1.752],[6.647,1.833],[9.608,-0.665],[9.91,-12.327],[5.801,-12.327],[5.801,-16.395]],"c":true},"ix":2},"nm":"加","mn":"ADBE Vector Shape - Group","hd":false},{"ty":"fl","c":{"a":0,"k":[0.101960784314,0.101960784314,0.101960784314,1],"ix":4},"o":{"a":0,"k":100,"ix":5},"r":1,"nm":"Fill 1","mn":"ADBE Vector Graphic - Fill","hd":false},{"ty":"tr","p":{"a":0,"k":[0,0],"ix":2},"a":{"a":0,"k":[0,0],"ix":1},"s":{"a":0,"k":[100,100],"ix":3},"r":{"a":0,"k":0,"ix":6},"o":{"a":0,"k":100,"ix":7},"sk":{"a":0,"k":0,"ix":4},"sa":{"a":0,"k":0,"ix":5},"nm":"Transform"}],"nm":"加","np":4,"cix":2,"ix":1,"mn":"ADBE Vector Group","hd":false},{"ty":"gr","it":[{"ind":0,"ty":"sh","ix":1,"ks":{"a":0,"k":{"i":[[-0.927,-1.692],[4.31,-2.82],[0,0],[-1.329,5.136],[-0.121,-0.322],[-3.263,-1.974],[0,0],[1.893,4.814],[1.793,1.249],[0,0]],"o":[[-1.289,5.358],[0,0],[4.23,-2.739],[0.101,0.242],[2.075,5.317],[0,0],[-3.182,-1.994],[-1.249,-3.263],[0,0],[1.289,0.927]],"v":[[29.185,-11.783],[20.786,0.504],[21.652,1.732],[29.99,-10.091],[30.312,-9.245],[38.309,1.712],[39.215,0.544],[31.622,-9.668],[27.07,-16.456],[25.861,-15.69]],"c":true},"ix":2},"nm":"入","mn":"ADBE Vector Shape - Group","hd":false},{"ty":"fl","c":{"a":0,"k":[0.101960784314,0.101960784314,0.101960784314,1],"ix":4},"o":{"a":0,"k":100,"ix":5},"r":1,"nm":"Fill 1","mn":"ADBE Vector Graphic - Fill","hd":false},{"ty":"tr","p":{"a":0,"k":[0,0],"ix":2},"a":{"a":0,"k":[0,0],"ix":1},"s":{"a":0,"k":[100,100],"ix":3},"r":{"a":0,"k":0,"ix":6},"o":{"a":0,"k":100,"ix":7},"sk":{"a":0,"k":0,"ix":4},"sa":{"a":0,"k":0,"ix":5},"nm":"Transform"}],"nm":"入","np":2,"cix":2,"ix":2,"mn":"ADBE Vector Group","hd":false}],"ip":0,"op":900,"st":0,"bm":0},{"ddd":0,"ind":3,"ty":4,"nm":"已加入 Outlines","sr":1,"ks":{"o":{"a":0,"k":100,"ix":11},"r":{"a":0,"k":0,"ix":10},"p":{"a":1,"k":[{"i":{"x":0.667,"y":1},"o":{"x":1,"y":0},"n":"0p667_1_1_0","t":10,"s":[40.3,45,0],"e":[40.3,17,0],"to":[0,-4.66666650772095,0],"ti":[0,4.66666650772095,0]},{"t":20}],"ix":2},"a":{"a":0,"k":[30.564,-7.281,0],"ix":1},"s":{"a":1,"k":[{"i":{"x":[0,0,0.667],"y":[1,1,1]},"o":{"x":[0.333,0.333,0.333],"y":[0,0,0]},"n":["0_1_0p333_0","0_1_0p333_0","0p667_1_0p333_0"],"t":25,"s":[100,100,100],"e":[0,0,100]},{"t":40}],"ix":6}},"ao":0,"shapes":[{"ty":"gr","it":[{"ind":0,"ty":"sh","ix":1,"ks":{"a":0,"k":{"i":[[0,0],[0,0],[0,0],[0,0],[0,0],[0,0],[0,0],[0,0],[0,0],[0,0],[-1.631,0],[0,0],[-0.443,0.423],[-0.201,2.498],[0,0],[0.403,-0.363],[0.483,0],[0,0],[0,0.886],[0,0]],"o":[[0,0],[0,0],[0,0],[0,0],[0,0],[0,0],[0,0],[0,0],[0,0],[0,1.652],[0,0],[0.846,-0.04],[0.483,-0.524],[0,0],[-0.121,2.216],[-0.302,0.242],[0,0],[-0.927,0],[0,0],[0,0]],"v":[[16.818,-7.332],[16.818,-15.388],[1.913,-15.388],[1.913,-13.978],[15.348,-13.978],[15.348,-8.721],[4.169,-8.721],[4.169,-11.702],[2.719,-11.702],[2.719,-1.128],[5.156,1.37],[16.073,1.37],[18.027,0.685],[19.054,-3.827],[17.644,-4.27],[16.859,-0.403],[15.67,-0.04],[5.559,-0.04],[4.169,-1.39],[4.169,-7.332]],"c":true},"ix":2},"nm":"已","mn":"ADBE Vector Shape - Group","hd":false},{"ty":"fl","c":{"a":0,"k":[0.101960784314,0.101960784314,0.101960784314,1],"ix":4},"o":{"a":0,"k":100,"ix":5},"r":1,"nm":"Fill 1","mn":"ADBE Vector Graphic - Fill","hd":false},{"ty":"tr","p":{"a":0,"k":[0,0],"ix":2},"a":{"a":0,"k":[0,0],"ix":1},"s":{"a":0,"k":[100,100],"ix":3},"r":{"a":0,"k":0,"ix":6},"o":{"a":0,"k":100,"ix":7},"sk":{"a":0,"k":0,"ix":4},"sa":{"a":0,"k":0,"ix":5},"nm":"Transform"}],"nm":"已","np":2,"cix":2,"ix":1,"mn":"ADBE Vector Group","hd":false},{"ty":"gr","it":[{"ind":0,"ty":"sh","ix":1,"ks":{"a":0,"k":{"i":[[0,0],[0,0],[0,0],[0,0],[0,0],[0,0],[0,0],[0,0]],"o":[[0,0],[0,0],[0,0],[0,0],[0,0],[0,0],[0,0],[0,0]],"v":[[38.349,-13.455],[31.763,-13.455],[31.763,1.712],[33.152,1.712],[33.152,0.363],[36.939,0.363],[36.939,1.712],[38.349,1.712]],"c":true},"ix":2},"nm":"加","mn":"ADBE Vector Shape - Group","hd":false},{"ind":1,"ty":"sh","ix":2,"ks":{"a":0,"k":{"i":[[0,0],[0,0],[0,0],[0,0]],"o":[[0,0],[0,0],[0,0],[0,0]],"v":[[33.152,-1.027],[33.152,-12.065],[36.939,-12.065],[36.939,-1.027]],"c":true},"ix":2},"nm":"加","mn":"ADBE Vector Shape - Group","hd":false},{"ind":2,"ty":"sh","ix":3,"ks":{"a":0,"k":{"i":[[0,0],[0,0],[0,0],[0,0],[0,0],[2.336,-2.518],[0,0],[-0.081,5.942],[0,0],[0.121,-1.047],[1.027,0],[0.645,0.04],[0,0],[-0.302,0],[-0.201,1.652],[0,6.284],[0,0],[0,0]],"o":[[0,0],[0,0],[0,0],[0,0],[-0.06,5.519],[0,0],[2.578,-2.739],[0,0],[-0.04,5.398],[-0.161,1.148],[-0.483,0],[0,0],[0.725,0.04],[1.772,0],[0.201,-1.49],[0,0],[0,0],[0,0]],"v":[[24.351,-16.395],[24.351,-12.327],[21.128,-12.327],[21.128,-10.917],[24.351,-10.917],[20.745,1.148],[21.813,2.095],[25.801,-10.917],[28.48,-10.917],[28.238,-1.229],[26.445,0.504],[24.753,0.423],[25.116,1.752],[26.647,1.833],[29.608,-0.665],[29.91,-12.327],[25.801,-12.327],[25.801,-16.395]],"c":true},"ix":2},"nm":"加","mn":"ADBE Vector Shape - Group","hd":false},{"ty":"fl","c":{"a":0,"k":[0.101960784314,0.101960784314,0.101960784314,1],"ix":4},"o":{"a":0,"k":100,"ix":5},"r":1,"nm":"Fill 1","mn":"ADBE Vector Graphic - Fill","hd":false},{"ty":"tr","p":{"a":0,"k":[0,0],"ix":2},"a":{"a":0,"k":[0,0],"ix":1},"s":{"a":0,"k":[100,100],"ix":3},"r":{"a":0,"k":0,"ix":6},"o":{"a":0,"k":100,"ix":7},"sk":{"a":0,"k":0,"ix":4},"sa":{"a":0,"k":0,"ix":5},"nm":"Transform"}],"nm":"加","np":4,"cix":2,"ix":2,"mn":"ADBE Vector Group","hd":false},{"ty":"gr","it":[{"ind":0,"ty":"sh","ix":1,"ks":{"a":0,"k":{"i":[[-0.927,-1.692],[4.31,-2.82],[0,0],[-1.329,5.136],[-0.121,-0.322],[-3.263,-1.974],[0,0],[1.893,4.814],[1.793,1.249],[0,0]],"o":[[-1.289,5.358],[0,0],[4.23,-2.739],[0.101,0.242],[2.075,5.317],[0,0],[-3.182,-1.994],[-1.249,-3.263],[0,0],[1.289,0.927]],"v":[[49.185,-11.783],[40.786,0.504],[41.652,1.732],[49.99,-10.091],[50.312,-9.245],[58.309,1.712],[59.215,0.544],[51.622,-9.668],[47.07,-16.456],[45.861,-15.69]],"c":true},"ix":2},"nm":"入","mn":"ADBE Vector Shape - Group","hd":false},{"ty":"fl","c":{"a":0,"k":[0.101960784314,0.101960784314,0.101960784314,1],"ix":4},"o":{"a":0,"k":100,"ix":5},"r":1,"nm":"Fill 1","mn":"ADBE Vector Graphic - Fill","hd":false},{"ty":"tr","p":{"a":0,"k":[0,0],"ix":2},"a":{"a":0,"k":[0,0],"ix":1},"s":{"a":0,"k":[100,100],"ix":3},"r":{"a":0,"k":0,"ix":6},"o":{"a":0,"k":100,"ix":7},"sk":{"a":0,"k":0,"ix":4},"sa":{"a":0,"k":0,"ix":5},"nm":"Transform"}],"nm":"入","np":2,"cix":2,"ix":3,"mn":"ADBE Vector Group","hd":false}],"ip":0,"op":900,"st":0,"bm":0},{"ddd":0,"ind":7,"ty":4,"nm":"btn_bg","sr":1,"ks":{"o":{"a":0,"k":100,"ix":11},"r":{"a":0,"k":0,"ix":10},"p":{"a":0,"k":[40,17,0],"ix":2},"a":{"a":0,"k":[0,0,0],"ix":1},"s":{"a":1,"k":[{"i":{"x":[0.667,0.667,0.667],"y":[1,1,1]},"o":{"x":[0.167,0.167,0.167],"y":[0,0,0]},"n":["0p667_1_0p167_0","0p667_1_0p167_0","0p667_1_0p167_0"],"t":0,"s":[100,100,100],"e":[100,100,100]},{"i":{"x":[0.03,0.03,0.667],"y":[1,1,1]},"o":{"x":[0.335,0.335,0.333],"y":[0,0,0]},"n":["0p03_1_0p335_0","0p03_1_0p335_0","0p667_1_0p333_0"],"t":25,"s":[100,100,100],"e":[0,0,100]},{"t":40}],"ix":6}},"ao":0,"shapes":[{"ty":"rc","d":1,"s":{"a":0,"k":[80,34],"ix":2},"p":{"a":0,"k":[0,0],"ix":3},"r":{"a":0,"k":17,"ix":4},"nm":"Rectangle Path 1","mn":"ADBE Vector Shape - Rect","hd":false},{"ty":"fl","c":{"a":0,"k":[0.349019616842,0.713725507259,0.843137264252,1],"ix":4},"o":{"a":0,"k":100,"ix":5},"r":1,"nm":"Fill 1","mn":"ADBE Vector Graphic - Fill","hd":false}],"ip":0,"op":900,"st":0,"bm":0}],"markers":[]}