{"v":"5.3.4","fr":30,"ip":0,"op":44,"w":132,"h":48,"nm":"05_视频播放页加入","ddd":0,"assets":[],"layers":[{"ddd":0,"ind":1,"ty":4,"nm":"加入 Outlines","sr":1,"ks":{"o":{"a":0,"k":100,"ix":11},"r":{"a":0,"k":0,"ix":10},"p":{"a":1,"k":[{"i":{"x":0.667,"y":1},"o":{"x":0.998,"y":0},"n":"0p667_1_0p998_0","t":0,"s":[83.299,22.557,0],"e":[83.299,-13,0],"to":[0,-5.9261269569397,0],"ti":[0,5.9261269569397,0]},{"t":10}],"ix":2},"a":{"a":0,"k":[23.976,-8.863,0],"ix":1},"s":{"a":0,"k":[100,100,100],"ix":6}},"ao":0,"shapes":[{"ty":"gr","it":[{"ind":0,"ty":"sh","ix":1,"ks":{"a":0,"k":{"i":[[0,0],[0,0],[0,0],[0,0],[0,0],[0,0],[0,0],[0,0]],"o":[[0,0],[0,0],[0,0],[0,0],[0,0],[0,0],[0,0],[0,0]],"v":[[22.019,-16.146],[14.115,-16.146],[14.115,2.054],[15.783,2.054],[15.783,0.435],[20.327,0.435],[20.327,2.054],[22.019,2.054]],"c":true},"ix":2},"nm":"加","mn":"ADBE Vector Shape - Group","hd":false},{"ind":1,"ty":"sh","ix":2,"ks":{"a":0,"k":{"i":[[0,0],[0,0],[0,0],[0,0]],"o":[[0,0],[0,0],[0,0],[0,0]],"v":[[15.783,-1.233],[15.783,-14.478],[20.327,-14.478],[20.327,-1.233]],"c":true},"ix":2},"nm":"加","mn":"ADBE Vector Shape - Group","hd":false},{"ind":2,"ty":"sh","ix":3,"ks":{"a":0,"k":{"i":[[0,0],[0,0],[0,0],[0,0],[0,0],[2.804,-3.021],[0,0],[-0.097,7.13],[0,0],[0.145,-1.257],[1.233,0],[0.773,0.048],[0,0],[-0.363,0],[-0.242,1.982],[0,7.541],[0,0],[0,0]],"o":[[0,0],[0,0],[0,0],[0,0],[-0.073,6.623],[0,0],[3.094,-3.287],[0,0],[-0.048,6.478],[-0.193,1.378],[-0.58,0],[0,0],[0.87,0.048],[2.127,0],[0.242,-1.789],[0,0],[0,0],[0,0]],"v":[[5.221,-19.674],[5.221,-14.792],[1.354,-14.792],[1.354,-13.1],[5.221,-13.1],[0.894,1.378],[2.175,2.514],[6.961,-13.1],[10.176,-13.1],[9.885,-1.474],[7.734,0.604],[5.704,0.508],[6.139,2.103],[7.976,2.199],[11.529,-0.798],[11.892,-14.792],[6.961,-14.792],[6.961,-19.674]],"c":true},"ix":2},"nm":"加","mn":"ADBE Vector Shape - Group","hd":false},{"ty":"fl","c":{"a":0,"k":[0.101960784314,0.101960784314,0.101960784314,1],"ix":4},"o":{"a":0,"k":100,"ix":5},"r":1,"nm":"Fill 1","mn":"ADBE Vector Graphic - Fill","hd":false},{"ty":"tr","p":{"a":0,"k":[0,0],"ix":2},"a":{"a":0,"k":[0,0],"ix":1},"s":{"a":0,"k":[100,100],"ix":3},"r":{"a":0,"k":0,"ix":6},"o":{"a":0,"k":100,"ix":7},"sk":{"a":0,"k":0,"ix":4},"sa":{"a":0,"k":0,"ix":5},"nm":"Transform"}],"nm":"加","np":4,"cix":2,"ix":1,"mn":"ADBE Vector Group","hd":false},{"ty":"gr","it":[{"ind":0,"ty":"sh","ix":1,"ks":{"a":0,"k":{"i":[[-1.112,-2.03],[5.172,-3.384],[0,0],[-1.595,6.163],[-0.145,-0.387],[-3.916,-2.369],[0,0],[2.272,5.777],[2.151,1.499],[0,0]],"o":[[-1.547,6.429],[0,0],[5.076,-3.287],[0.121,0.29],[2.49,6.381],[0,0],[-3.819,-2.393],[-1.499,-3.916],[0,0],[1.547,1.112]],"v":[[35.021,-14.139],[24.943,0.604],[25.982,2.079],[35.988,-12.109],[36.375,-11.094],[45.97,2.054],[47.058,0.653],[37.946,-11.602],[32.484,-19.747],[31.033,-18.828]],"c":true},"ix":2},"nm":"入","mn":"ADBE Vector Shape - Group","hd":false},{"ty":"fl","c":{"a":0,"k":[0.101960784314,0.101960784314,0.101960784314,1],"ix":4},"o":{"a":0,"k":100,"ix":5},"r":1,"nm":"Fill 1","mn":"ADBE Vector Graphic - Fill","hd":false},{"ty":"tr","p":{"a":0,"k":[0,0],"ix":2},"a":{"a":0,"k":[0,0],"ix":1},"s":{"a":0,"k":[100,100],"ix":3},"r":{"a":0,"k":0,"ix":6},"o":{"a":0,"k":100,"ix":7},"sk":{"a":0,"k":0,"ix":4},"sa":{"a":0,"k":0,"ix":5},"nm":"Transform"}],"nm":"入","np":2,"cix":2,"ix":2,"mn":"ADBE Vector Group","hd":false}],"ip":0,"op":900,"st":0,"bm":0},{"ddd":0,"ind":2,"ty":4,"nm":"已加入 Outlines","sr":1,"ks":{"o":{"a":0,"k":100,"ix":11},"r":{"a":0,"k":0,"ix":10},"p":{"a":1,"k":[{"i":{"x":0.667,"y":1},"o":{"x":1,"y":0},"n":"0p667_1_1_0","t":10,"s":[65.8,60.8,0],"e":[65.8,24,0],"to":[0,-6.13333320617676,0],"ti":[0,6.13333320617676,0]},{"t":20}],"ix":2},"a":{"a":0,"k":[36.677,-8.617,0],"ix":1},"s":{"a":1,"k":[{"i":{"x":[0.07,0.07,0.667],"y":[1,1,1]},"o":{"x":[0.333,0.333,0.333],"y":[0,0,0]},"n":["0p07_1_0p333_0","0p07_1_0p333_0","0p667_1_0p333_0"],"t":25,"s":[100,100,100],"e":[0,0,100]},{"t":43}],"ix":6}},"ao":0,"shapes":[{"ty":"gr","it":[{"ind":0,"ty":"sh","ix":1,"ks":{"a":0,"k":{"i":[[0,0],[0,0],[0,0],[0,0],[0,0],[0,0],[0,0],[0,0],[0,0],[0,0],[-1.958,0],[0,0],[-0.532,0.508],[-0.242,2.997],[0,0],[0.483,-0.435],[0.58,0],[0,0],[0,1.063],[0,0]],"o":[[0,0],[0,0],[0,0],[0,0],[0,0],[0,0],[0,0],[0,0],[0,0],[0,1.982],[0,0],[1.015,-0.048],[0.58,-0.628],[0,0],[-0.145,2.659],[-0.363,0.29],[0,0],[-1.112,0],[0,0],[0,0]],"v":[[20.182,-8.798],[20.182,-18.466],[2.296,-18.466],[2.296,-16.774],[18.417,-16.774],[18.417,-10.466],[5.003,-10.466],[5.003,-14.043],[3.263,-14.043],[3.263,-1.354],[6.188,1.644],[19.288,1.644],[21.632,0.822],[22.865,-4.592],[21.173,-5.124],[20.23,-0.483],[18.804,-0.048],[6.671,-0.048],[5.003,-1.668],[5.003,-8.798]],"c":true},"ix":2},"nm":"已","mn":"ADBE Vector Shape - Group","hd":false},{"ty":"fl","c":{"a":0,"k":[0.101960784314,0.101960784314,0.101960784314,1],"ix":4},"o":{"a":0,"k":100,"ix":5},"r":1,"nm":"Fill 1","mn":"ADBE Vector Graphic - Fill","hd":false},{"ty":"tr","p":{"a":0,"k":[0,0],"ix":2},"a":{"a":0,"k":[0,0],"ix":1},"s":{"a":0,"k":[100,100],"ix":3},"r":{"a":0,"k":0,"ix":6},"o":{"a":0,"k":100,"ix":7},"sk":{"a":0,"k":0,"ix":4},"sa":{"a":0,"k":0,"ix":5},"nm":"Transform"}],"nm":"已","np":2,"cix":2,"ix":1,"mn":"ADBE Vector Group","hd":false},{"ty":"gr","it":[{"ind":0,"ty":"sh","ix":1,"ks":{"a":0,"k":{"i":[[0,0],[0,0],[0,0],[0,0],[0,0],[0,0],[0,0],[0,0]],"o":[[0,0],[0,0],[0,0],[0,0],[0,0],[0,0],[0,0],[0,0]],"v":[[46.019,-16.146],[38.115,-16.146],[38.115,2.054],[39.783,2.054],[39.783,0.435],[44.327,0.435],[44.327,2.054],[46.019,2.054]],"c":true},"ix":2},"nm":"加","mn":"ADBE Vector Shape - Group","hd":false},{"ind":1,"ty":"sh","ix":2,"ks":{"a":0,"k":{"i":[[0,0],[0,0],[0,0],[0,0]],"o":[[0,0],[0,0],[0,0],[0,0]],"v":[[39.783,-1.233],[39.783,-14.478],[44.327,-14.478],[44.327,-1.233]],"c":true},"ix":2},"nm":"加","mn":"ADBE Vector Shape - Group","hd":false},{"ind":2,"ty":"sh","ix":3,"ks":{"a":0,"k":{"i":[[0,0],[0,0],[0,0],[0,0],[0,0],[2.804,-3.021],[0,0],[-0.097,7.13],[0,0],[0.145,-1.257],[1.233,0],[0.773,0.048],[0,0],[-0.363,0],[-0.242,1.982],[0,7.541],[0,0],[0,0]],"o":[[0,0],[0,0],[0,0],[0,0],[-0.073,6.623],[0,0],[3.094,-3.287],[0,0],[-0.048,6.478],[-0.193,1.378],[-0.58,0],[0,0],[0.87,0.048],[2.127,0],[0.242,-1.789],[0,0],[0,0],[0,0]],"v":[[29.221,-19.674],[29.221,-14.792],[25.354,-14.792],[25.354,-13.1],[29.221,-13.1],[24.894,1.378],[26.175,2.514],[30.961,-13.1],[34.176,-13.1],[33.885,-1.474],[31.734,0.604],[29.704,0.508],[30.139,2.103],[31.976,2.199],[35.529,-0.798],[35.892,-14.792],[30.961,-14.792],[30.961,-19.674]],"c":true},"ix":2},"nm":"加","mn":"ADBE Vector Shape - Group","hd":false},{"ty":"fl","c":{"a":0,"k":[0.101960784314,0.101960784314,0.101960784314,1],"ix":4},"o":{"a":0,"k":100,"ix":5},"r":1,"nm":"Fill 1","mn":"ADBE Vector Graphic - Fill","hd":false},{"ty":"tr","p":{"a":0,"k":[0,0],"ix":2},"a":{"a":0,"k":[0,0],"ix":1},"s":{"a":0,"k":[100,100],"ix":3},"r":{"a":0,"k":0,"ix":6},"o":{"a":0,"k":100,"ix":7},"sk":{"a":0,"k":0,"ix":4},"sa":{"a":0,"k":0,"ix":5},"nm":"Transform"}],"nm":"加","np":4,"cix":2,"ix":2,"mn":"ADBE Vector Group","hd":false},{"ty":"gr","it":[{"ind":0,"ty":"sh","ix":1,"ks":{"a":0,"k":{"i":[[-1.112,-2.03],[5.172,-3.384],[0,0],[-1.595,6.163],[-0.145,-0.387],[-3.916,-2.369],[0,0],[2.272,5.777],[2.151,1.499],[0,0]],"o":[[-1.547,6.429],[0,0],[5.076,-3.287],[0.121,0.29],[2.49,6.381],[0,0],[-3.819,-2.393],[-1.499,-3.916],[0,0],[1.547,1.112]],"v":[[59.021,-14.139],[48.943,0.604],[49.982,2.079],[59.988,-12.109],[60.375,-11.094],[69.97,2.054],[71.058,0.653],[61.946,-11.602],[56.484,-19.747],[55.033,-18.828]],"c":true},"ix":2},"nm":"入","mn":"ADBE Vector Shape - Group","hd":false},{"ty":"fl","c":{"a":0,"k":[0.101960784314,0.101960784314,0.101960784314,1],"ix":4},"o":{"a":0,"k":100,"ix":5},"r":1,"nm":"Fill 1","mn":"ADBE Vector Graphic - Fill","hd":false},{"ty":"tr","p":{"a":0,"k":[0,0],"ix":2},"a":{"a":0,"k":[0,0],"ix":1},"s":{"a":0,"k":[100,100],"ix":3},"r":{"a":0,"k":0,"ix":6},"o":{"a":0,"k":100,"ix":7},"sk":{"a":0,"k":0,"ix":4},"sa":{"a":0,"k":0,"ix":5},"nm":"Transform"}],"nm":"入","np":2,"cix":2,"ix":3,"mn":"ADBE Vector Group","hd":false}],"ip":0,"op":900,"st":0,"bm":0},{"ddd":0,"ind":7,"ty":4,"nm":"吸猫图标","sr":1,"ks":{"o":{"a":0,"k":100,"ix":11},"r":{"a":0,"k":0,"ix":10},"p":{"a":1,"k":[{"i":{"x":0.675,"y":1},"o":{"x":0.998,"y":0},"n":"0p675_1_0p998_0","t":0,"s":[36.75,24,0],"e":[36.75,-13,0],"to":[0,-6.16666650772095,0],"ti":[0,6.16666650772095,0]},{"t":10}],"ix":2},"a":{"a":0,"k":[45.5,38.5,0],"ix":1},"s":{"a":0,"k":[26.67,26.67,100],"ix":6}},"ao":0,"shapes":[{"ty":"gr","it":[{"ind":0,"ty":"sh","ix":1,"ks":{"a":0,"k":{"i":[[0,0],[0,0]],"o":[[0,0],[0,0]],"v":[[72.896,70.966],[72.896,42.652]],"c":false},"ix":2},"nm":"Path 1","mn":"ADBE Vector Shape - Group","hd":false},{"ty":"st","c":{"a":0,"k":[0.101960785687,0.101960785687,0.101960785687,1],"ix":3},"o":{"a":0,"k":100,"ix":4},"w":{"a":0,"k":6,"ix":5},"lc":2,"lj":2,"nm":"Stroke 1","mn":"ADBE Vector Graphic - Stroke","hd":false},{"ty":"tr","p":{"a":0,"k":[0,0],"ix":2},"a":{"a":0,"k":[0,0],"ix":1},"s":{"a":0,"k":[100,100],"ix":3},"r":{"a":0,"k":0,"ix":6},"o":{"a":0,"k":100,"ix":7},"sk":{"a":0,"k":0,"ix":4},"sa":{"a":0,"k":0,"ix":5},"nm":"Transform"}],"nm":"Group 1","np":2,"cix":2,"ix":1,"mn":"ADBE Vector Group","hd":false},{"ty":"gr","it":[{"ind":0,"ty":"sh","ix":1,"ks":{"a":0,"k":{"i":[[0,0],[0,0]],"o":[[0,0],[0,0]],"v":[[58.738,56.809],[87.053,56.809]],"c":false},"ix":2},"nm":"Path 1","mn":"ADBE Vector Shape - Group","hd":false},{"ty":"st","c":{"a":0,"k":[0.101960785687,0.101960785687,0.101960785687,1],"ix":3},"o":{"a":0,"k":100,"ix":4},"w":{"a":0,"k":6,"ix":5},"lc":2,"lj":2,"nm":"Stroke 1","mn":"ADBE Vector Graphic - Stroke","hd":false},{"ty":"tr","p":{"a":0,"k":[0,0],"ix":2},"a":{"a":0,"k":[0,0],"ix":1},"s":{"a":0,"k":[100,100],"ix":3},"r":{"a":0,"k":0,"ix":6},"o":{"a":0,"k":100,"ix":7},"sk":{"a":0,"k":0,"ix":4},"sa":{"a":0,"k":0,"ix":5},"nm":"Transform"}],"nm":"Group 2","np":2,"cix":2,"ix":2,"mn":"ADBE Vector Group","hd":false},{"ty":"gr","it":[{"ind":0,"ty":"sh","ix":1,"ks":{"a":0,"k":{"i":[[0,0],[0.184,-0.117],[0.369,0],[0,0],[0.328,0.184],[9.519,8.046],[0,8.292],[-4.955,4.381],[-6.182,0],[-3.746,-3.869],[-6.572,0],[-4.258,-3.727],[0,-7.779],[0.452,-1.641]],"o":[[-3.277,2.229],[-0.328,0.164],[0,0],[-0.369,0],[-0.389,-0.246],[-13.103,-11.075],[0,-7.8],[4.237,-3.726],[6.572,0],[3.727,-3.849],[6.202,0],[4.995,4.38],[0,1.537],[0,0]],"v":[[6.727,29.997],[1.065,33.677],[0,33.942],[0,33.943],[-1.065,33.657],[-20.349,19.694],[-40.085,-9.52],[-32.51,-28.15],[-16.358,-33.943],[-0.021,-26.745],[16.235,-33.902],[32.449,-28.129],[40.085,-9.561],[39.406,-4.794]],"c":false},"ix":2},"nm":"Path 1","mn":"ADBE Vector Shape - Group","hd":false},{"ty":"st","c":{"a":0,"k":[0.101960785687,0.101960785687,0.101960785687,1],"ix":3},"o":{"a":0,"k":100,"ix":4},"w":{"a":0,"k":7,"ix":5},"lc":2,"lj":2,"nm":"Stroke 1","mn":"ADBE Vector Graphic - Stroke","hd":false},{"ty":"tr","p":{"a":0,"k":[44.524,38.343],"ix":2},"a":{"a":0,"k":[0,0],"ix":1},"s":{"a":0,"k":[100,100],"ix":3},"r":{"a":0,"k":0,"ix":6},"o":{"a":0,"k":100,"ix":7},"sk":{"a":0,"k":0,"ix":4},"sa":{"a":0,"k":0,"ix":5},"nm":"Transform"}],"nm":"Group 3","np":2,"cix":2,"ix":3,"mn":"ADBE Vector Group","hd":false}],"ip":0,"op":900,"st":0,"bm":0},{"ddd":0,"ind":8,"ty":4,"nm":"btn_bg","sr":1,"ks":{"o":{"a":0,"k":100,"ix":11},"r":{"a":0,"k":0,"ix":10},"p":{"a":0,"k":[66,24,0],"ix":2},"a":{"a":0,"k":[0,0,0],"ix":1},"s":{"a":1,"k":[{"i":{"x":[0,0,0.667],"y":[1,1,1]},"o":{"x":[0.333,0.333,0.333],"y":[0,0,0]},"n":["0_1_0p333_0","0_1_0p333_0","0p667_1_0p333_0"],"t":25,"s":[100,100,100],"e":[0,0,100]},{"t":43}],"ix":6}},"ao":0,"shapes":[{"ty":"rc","d":1,"s":{"a":0,"k":[132,48],"ix":2},"p":{"a":0,"k":[0,0],"ix":3},"r":{"a":0,"k":24,"ix":4},"nm":"Rectangle Path 1","mn":"ADBE Vector Shape - Rect","hd":false},{"ty":"fl","c":{"a":0,"k":[0.349019616842,0.713725507259,0.843137264252,1],"ix":4},"o":{"a":0,"k":100,"ix":5},"r":1,"nm":"Fill 1","mn":"ADBE Vector Graphic - Fill","hd":false}],"ip":0,"op":900,"st":0,"bm":0}],"markers":[]}