{"v":"5.3.4","fr":30,"ip":0,"op":46,"w":70,"h":70,"nm":"DOMO_quxiaoZan","ddd":0,"assets":[],"layers":[{"ddd":0,"ind":1,"ty":4,"nm":"grey","sr":1,"ks":{"o":{"a":0,"k":100,"ix":11},"r":{"a":0,"k":0,"ix":10},"p":{"a":0,"k":[35,35,0],"ix":2},"a":{"a":0,"k":[30,30,0],"ix":1},"s":{"a":1,"k":[{"i":{"x":[0.833,0.833,0.833],"y":[0.833,0.833,0.833]},"o":{"x":[0.167,0.167,0.167],"y":[0.167,0.167,0.167]},"n":["0p833_0p833_0p167_0p167","0p833_0p833_0p167_0p167","0p833_0p833_0p167_0p167"],"t":0,"s":[0,0,100],"e":[0,0,100]},{"i":{"x":[0.833,0.833,0.833],"y":[0.833,0.833,0.833]},"o":{"x":[0.167,0.167,0.167],"y":[0.167,0.167,0.167]},"n":["0p833_0p833_0p167_0p167","0p833_0p833_0p167_0p167","0p833_0p833_0p167_0p167"],"t":17,"s":[0,0,100],"e":[100,100,100]},{"t":40}],"ix":6,"x":"var $bm_rt;\nvar freq, decay, n, n, t, amp, w;\nfreq = 3;\ndecay = 5;\n$bm_rt = n = 0;\nif (numKeys > 0) {\n    $bm_rt = n = nearestKey(time).index;\n    if (key(n).time > time)\n        n--;\n}\nif (n > 0) {\n    t = sub(time, key(n).time);\n    amp = velocityAtTime(sub(key(n).time, 0.001));\n    w = mul(mul(freq, Math.PI), 2);\n    $bm_rt = sum(value, mul(amp, div(div(Math.sin(mul(t, w)), Math.exp(mul(decay, t))), w)));\n} else\n    $bm_rt = value;"}},"ao":0,"shapes":[{"ty":"gr","it":[{"ind":0,"ty":"sh","ix":1,"ks":{"a":0,"k":{"i":[[3.165,-4.274],[5.163,0],[0,-10.177],[-2.182,-3.426],[-0.672,-0.52],[-0.756,0],[-0.646,0.504],[-6.331,9.94],[0,6.069],[9.302,0]],"o":[[-3.158,-4.274],[-9.303,0],[0,6.069],[6.331,9.94],[0.647,0.504],[0.763,0],[0.672,-0.52],[2.183,-3.426],[0,-10.177],[-5.165,0]],"v":[[0.001,-19.311],[-13.123,-26.172],[-30,-7.715],[-25.105,6.038],[-2.167,25.415],[0.001,26.172],[2.166,25.415],[25.105,6.038],[30,-7.715],[13.124,-26.172]],"c":true},"ix":2},"nm":"Path 2","mn":"ADBE Vector Shape - Group","hd":false},{"ty":"fl","c":{"a":0,"k":[0.698039233685,0.698039233685,0.698039233685,1],"ix":4},"o":{"a":0,"k":100,"ix":5},"r":1,"nm":"Fill 1","mn":"ADBE Vector Graphic - Fill","hd":false},{"ty":"tr","p":{"a":0,"k":[30,30],"ix":2},"a":{"a":0,"k":[0,0],"ix":1},"s":{"a":0,"k":[100,100],"ix":3},"r":{"a":0,"k":0,"ix":6},"o":{"a":0,"k":100,"ix":7},"sk":{"a":0,"k":0,"ix":4},"sa":{"a":0,"k":0,"ix":5},"nm":"Transform"}],"nm":"Group 1","np":2,"cix":2,"ix":1,"mn":"ADBE Vector Group","hd":false}],"ip":0,"op":900,"st":0,"bm":0},{"ddd":0,"ind":2,"ty":4,"nm":"heart","sr":1,"ks":{"o":{"a":0,"k":100,"ix":11},"r":{"a":0,"k":0,"ix":10},"p":{"a":0,"k":[35,35,0],"ix":2},"a":{"a":0,"k":[30,30,0],"ix":1},"s":{"a":1,"k":[{"i":{"x":[0.833,0.833,0.833],"y":[0.833,0.833,0.833]},"o":{"x":[0.167,0.167,0.167],"y":[0.167,0.167,0.167]},"n":["0p833_0p833_0p167_0p167","0p833_0p833_0p167_0p167","0p833_0p833_0p167_0p167"],"t":0,"s":[100,100,100],"e":[0,0,100]},{"t":20}],"ix":6,"x":"var $bm_rt;\nvar freq, decay, n, n, t, amp, w;\nfreq = 3;\ndecay = 5;\n$bm_rt = n = 0;\nif (numKeys > 0) {\n    $bm_rt = n = nearestKey(time).index;\n    if (key(n).time > time)\n        n--;\n}\nif (n > 0) {\n    t = sub(time, key(n).time);\n    amp = velocityAtTime(sub(key(n).time, 0.001));\n    w = mul(mul(freq, Math.PI), 2);\n    $bm_rt = sum(value, mul(amp, div(div(Math.sin(mul(t, w)), Math.exp(mul(decay, t))), w)));\n} else\n    $bm_rt = value;"}},"ao":0,"shapes":[{"ty":"gr","it":[{"ind":0,"ty":"sh","ix":1,"ks":{"a":0,"k":{"i":[[3.165,-4.274],[5.163,0],[0,-10.177],[-2.182,-3.426],[-0.672,-0.52],[-0.756,0],[-0.646,0.504],[-6.331,9.94],[0,6.069],[9.302,0]],"o":[[-3.158,-4.274],[-9.303,0],[0,6.069],[6.331,9.94],[0.647,0.504],[0.763,0],[0.672,-0.52],[2.183,-3.426],[0,-10.177],[-5.165,0]],"v":[[0.001,-19.311],[-13.123,-26.172],[-30,-7.715],[-25.105,6.038],[-2.167,25.415],[0.001,26.172],[2.166,25.415],[25.105,6.038],[30,-7.715],[13.124,-26.172]],"c":true},"ix":2},"nm":"Path 2","mn":"ADBE Vector Shape - Group","hd":false},{"ty":"gf","o":{"a":0,"k":100,"ix":10},"r":1,"g":{"p":3,"k":{"a":0,"k":[0,0.91,0.31,0.451,0.5,0.906,0.257,0.39,1,0.902,0.204,0.329],"ix":9}},"s":{"a":0,"k":[24.84,-22.738],"ix":5},"e":{"a":0,"k":[-19.172,14.812],"ix":6},"t":2,"h":{"a":0,"k":0,"ix":7},"a":{"a":0,"k":0,"ix":8},"nm":"Gradient Fill 1","mn":"ADBE Vector Graphic - G-Fill","hd":false},{"ty":"fl","c":{"a":0,"k":[0.5,0.5,0.5,1],"ix":4},"o":{"a":0,"k":100,"ix":5},"r":1,"nm":"Fill 1","mn":"ADBE Vector Graphic - Fill","hd":false},{"ty":"tr","p":{"a":0,"k":[30,30],"ix":2},"a":{"a":0,"k":[0,0],"ix":1},"s":{"a":0,"k":[100,100],"ix":3},"r":{"a":0,"k":0,"ix":6},"o":{"a":0,"k":100,"ix":7},"sk":{"a":0,"k":0,"ix":4},"sa":{"a":0,"k":0,"ix":5},"nm":"Transform"}],"nm":"Group 1","np":3,"cix":2,"ix":1,"mn":"ADBE Vector Group","hd":false}],"ip":0,"op":900,"st":0,"bm":0}],"markers":[]}