<animated-vector xmlns:android="http://schemas.android.com/apk/res/android" xmlns:aapt="http://schemas.android.com/aapt"><aapt:attr name="android:drawable"><vector android:height="70dp" android:width="70dp" android:viewportHeight="70" android:viewportWidth="70"><group android:name="_R_G"><group android:name="_R_G_L_1_G" android:translateX="5" android:translateY="5" android:pivotX="30" android:pivotY="30" android:scaleX="1" android:scaleY="1"><path android:name="_R_G_L_1_G_D_0_P_0" android:fillColor="#b2b2b2" android:fillAlpha="1" android:fillType="nonZero" android:pathData=" M30 10.69 C26.84,6.41 22.04,3.83 16.88,3.83 C7.57,3.83 0,12.11 0,22.29 C0,28.35 2.71,32.61 4.89,36.04 C11.23,45.98 27.16,54.9 27.83,55.42 C28.48,55.92 29.25,56.17 30,56.17 C30.76,56.17 31.52,55.92 32.17,55.42 C32.84,54.9 48.77,45.98 55.11,36.04 C57.29,32.61 60,28.35 60,22.29 C60,12.11 52.43,3.83 43.12,3.83 C37.96,3.83 33.17,6.41 30,10.69c "/></group><group android:name="_R_G_L_0_G" android:translateX="5" android:translateY="5" android:pivotX="30" android:pivotY="30" android:scaleX="0" android:scaleY="0"><path android:name="_R_G_L_0_G_D_0_P_0" android:fillColor="#808080" android:fillAlpha="1" android:fillType="nonZero" android:pathData=" M30 10.69 C26.84,6.41 22.04,3.83 16.88,3.83 C7.57,3.83 0,12.11 0,22.29 C0,28.35 2.71,32.61 4.89,36.04 C11.23,45.98 27.16,54.9 27.83,55.42 C28.48,55.92 29.25,56.17 30,56.17 C30.76,56.17 31.52,55.92 32.17,55.42 C32.84,54.9 48.77,45.98 55.11,36.04 C57.29,32.61 60,28.35 60,22.29 C60,12.11 52.43,3.83 43.12,3.83 C37.96,3.83 33.17,6.41 30,10.69c "/></group></group><group android:name="time_group"/></vector></aapt:attr><target android:name="_R_G_L_1_G"><aapt:attr name="android:animation"><set android:ordering="together"><objectAnimator android:propertyName="scaleX" android:duration="700" android:startOffset="0" android:valueFrom="1" android:valueTo="0" android:valueType="floatType"><aapt:attr name="android:interpolator"><pathInterpolator android:pathData="M 0.0,0.0 c0.167,0.167 0.833,0.833 1.0,1.0"/></aapt:attr></objectAnimator><objectAnimator android:propertyName="scaleY" android:duration="700" android:startOffset="0" android:valueFrom="1" android:valueTo="0" android:valueType="floatType"><aapt:attr name="android:interpolator"><pathInterpolator android:pathData="M 0.0,0.0 c0.167,0.167 0.833,0.833 1.0,1.0"/></aapt:attr></objectAnimator></set></aapt:attr></target><target android:name="_R_G_L_0_G"><aapt:attr name="android:animation"><set android:ordering="together"><objectAnimator android:propertyName="scaleX" android:duration="567" android:startOffset="0" android:valueFrom="0" android:valueTo="0" android:valueType="floatType"><aapt:attr name="android:interpolator"><pathInterpolator android:pathData="M 0.0,0.0 c0.167,0.167 0.833,0.833 1.0,1.0"/></aapt:attr></objectAnimator><objectAnimator android:propertyName="scaleY" android:duration="567" android:startOffset="0" android:valueFrom="0" android:valueTo="0" android:valueType="floatType"><aapt:attr name="android:interpolator"><pathInterpolator android:pathData="M 0.0,0.0 c0.167,0.167 0.833,0.833 1.0,1.0"/></aapt:attr></objectAnimator><objectAnimator android:propertyName="scaleX" android:duration="767" android:startOffset="567" android:valueFrom="0" android:valueTo="1" android:valueType="floatType"><aapt:attr name="android:interpolator"><pathInterpolator android:pathData="M 0.0,0.0 c0.167,0.167 0.833,0.833 1.0,1.0"/></aapt:attr></objectAnimator><objectAnimator android:propertyName="scaleY" android:duration="767" android:startOffset="567" android:valueFrom="0" android:valueTo="1" android:valueType="floatType"><aapt:attr name="android:interpolator"><pathInterpolator android:pathData="M 0.0,0.0 c0.167,0.167 0.833,0.833 1.0,1.0"/></aapt:attr></objectAnimator></set></aapt:attr></target><target android:name="time_group"><aapt:attr name="android:animation"><set android:ordering="together"><objectAnimator android:propertyName="translateX" android:duration="1533" android:startOffset="0" android:valueFrom="0" android:valueTo="1" android:valueType="floatType"/></set></aapt:attr></target></animated-vector>