{"v":"5.3.4","fr":30,"ip":0,"op":30,"w":132,"h":48,"nm":"喵咪详情-取吸","ddd":0,"assets":[],"layers":[{"ddd":0,"ind":1,"ty":4,"nm":"已吸 Outlines","sr":1,"ks":{"o":{"a":0,"k":100,"ix":11},"r":{"a":0,"k":0,"ix":10},"p":{"a":1,"k":[{"i":{"x":0.667,"y":1},"o":{"x":1,"y":0},"n":"0p667_1_1_0","t":8,"s":[83.883,23,0],"e":[83.883,60,0],"to":[0,6.16666650772095,0],"ti":[0,-6.16666650772095,0]},{"t":18}],"ix":2},"a":{"a":0,"k":[24.499,-9.206,0],"ix":1},"s":{"a":0,"k":[100,100,100],"ix":6}},"ao":0,"shapes":[{"ty":"gr","it":[{"ind":0,"ty":"sh","ix":1,"ks":{"a":0,"k":{"i":[[0,0],[0,0],[0,0],[0,0],[0,0],[0,0],[0,0],[0,0],[0,0],[0,0],[-1.958,0],[0,0],[-0.532,0.508],[-0.242,2.997],[0,0],[0.483,-0.435],[0.58,0],[0,0],[0,1.063],[0,0]],"o":[[0,0],[0,0],[0,0],[0,0],[0,0],[0,0],[0,0],[0,0],[0,0],[0,1.982],[0,0],[1.015,-0.048],[0.58,-0.628],[0,0],[-0.145,2.659],[-0.363,0.29],[0,0],[-1.112,0],[0,0],[0,0]],"v":[[20.182,-8.798],[20.182,-18.466],[2.296,-18.466],[2.296,-16.774],[18.417,-16.774],[18.417,-10.466],[5.003,-10.466],[5.003,-14.043],[3.263,-14.043],[3.263,-1.354],[6.188,1.644],[19.288,1.644],[21.632,0.822],[22.865,-4.592],[21.173,-5.124],[20.23,-0.483],[18.804,-0.048],[6.671,-0.048],[5.003,-1.668],[5.003,-8.798]],"c":true},"ix":2},"nm":"已","mn":"ADBE Vector Shape - Group","hd":false},{"ty":"fl","c":{"a":0,"k":[1,1,1,1],"ix":4},"o":{"a":0,"k":100,"ix":5},"r":1,"nm":"Fill 1","mn":"ADBE Vector Graphic - Fill","hd":false},{"ty":"tr","p":{"a":0,"k":[0,0],"ix":2},"a":{"a":0,"k":[0,0],"ix":1},"s":{"a":0,"k":[100,100],"ix":3},"r":{"a":0,"k":0,"ix":6},"o":{"a":0,"k":100,"ix":7},"sk":{"a":0,"k":0,"ix":4},"sa":{"a":0,"k":0,"ix":5},"nm":"Transform"}],"nm":"已","np":2,"cix":2,"ix":1,"mn":"ADBE Vector Group","hd":false},{"ty":"gr","it":[{"ind":0,"ty":"sh","ix":1,"ks":{"a":0,"k":{"i":[[0,0],[0,0],[0,0],[0,0],[0,0],[0,0]],"o":[[0,0],[0,0],[0,0],[0,0],[0,0],[0,0]],"v":[[32.339,-17.668],[25.958,-17.668],[25.958,-1.257],[27.674,-1.257],[27.674,-2.973],[32.339,-2.973]],"c":true},"ix":2},"nm":"吸","mn":"ADBE Vector Shape - Group","hd":false},{"ind":1,"ty":"sh","ix":2,"ks":{"a":0,"k":{"i":[[0,0],[0,0],[0,0],[0,0]],"o":[[0,0],[0,0],[0,0],[0,0]],"v":[[27.674,-4.616],[27.674,-16.025],[30.671,-16.025],[30.671,-4.616]],"c":true},"ix":2},"nm":"吸","mn":"ADBE Vector Shape - Group","hd":false},{"ind":2,"ty":"sh","ix":3,"ks":{"a":0,"k":{"i":[[0,0],[0,0],[3.215,-3.287],[0,0],[-0.725,4.882],[-1.45,-1.837],[2.103,-0.991],[0,0],[-1.499,1.547],[-1.813,-1.112],[0,0],[1.329,1.378],[-0.532,3.287],[0,0],[0,0],[-0.435,2.151],[0,0],[0,0],[0,0]],"o":[[0,0],[-0.048,7.251],[0,0],[2.538,-2.635],[0.773,2.272],[-1.426,1.45],[0,0],[2.175,-1.015],[1.305,1.426],[0,0],[-1.789,-1.063],[1.74,-2.272],[0,0],[0,0],[0.435,-1.547],[0,0],[0,0],[0,0],[0,0]],"v":[[35.722,-17.064],[35.722,-14.744],[30.816,1.063],[32.169,2.248],[37.076,-9.04],[40.387,-2.852],[35.094,0.798],[36.061,2.369],[41.572,-1.474],[46.26,2.344],[47.372,0.87],[42.683,-2.804],[46.091,-11.118],[46.091,-12.085],[43.191,-12.085],[44.496,-17.644],[44.496,-18.78],[33.426,-18.78],[33.426,-17.064]],"c":true},"ix":2},"nm":"吸","mn":"ADBE Vector Shape - Group","hd":false},{"ind":3,"ty":"sh","ix":4,"ks":{"a":0,"k":{"i":[[1.426,-1.861],[0.628,3.48],[0,0.532],[0,0],[0,0],[0.459,-1.474],[0,0]],"o":[[-2.079,-2.562],[0,-0.508],[0,0],[0,0],[-0.556,2.852],[0,0],[-0.483,2.417]],"v":[[41.499,-4.133],[37.463,-13.197],[37.487,-14.744],[37.487,-17.064],[42.611,-17.064],[41.088,-10.562],[44.351,-10.562]],"c":true},"ix":2},"nm":"吸","mn":"ADBE Vector Shape - Group","hd":false},{"ty":"mm","mm":1,"nm":"Merge Paths 1","mn":"ADBE Vector Filter - Merge","hd":false},{"ty":"fl","c":{"a":0,"k":[1,1,1,1],"ix":4},"o":{"a":0,"k":100,"ix":5},"r":1,"nm":"Fill 1","mn":"ADBE Vector Graphic - Fill","hd":false},{"ty":"tr","p":{"a":0,"k":[0,0],"ix":2},"a":{"a":0,"k":[0,0],"ix":1},"s":{"a":0,"k":[100,100],"ix":3},"r":{"a":0,"k":0,"ix":6},"o":{"a":0,"k":100,"ix":7},"sk":{"a":0,"k":0,"ix":4},"sa":{"a":0,"k":0,"ix":5},"nm":"Transform"}],"nm":"吸","np":6,"cix":2,"ix":2,"mn":"ADBE Vector Group","hd":false}],"ip":0,"op":900,"st":0,"bm":0},{"ddd":0,"ind":2,"ty":4,"nm":"吸猫图标白色","sr":1,"ks":{"o":{"a":0,"k":100,"ix":11},"r":{"a":0,"k":0,"ix":10},"p":{"a":1,"k":[{"i":{"x":0.667,"y":1},"o":{"x":0.958,"y":0},"n":"0p667_1_0p958_0","t":8,"s":[36.75,24,0],"e":[36.75,61,0],"to":[0,6.16666650772095,0],"ti":[0,-6.16666650772095,0]},{"t":18}],"ix":2},"a":{"a":0,"k":[45.5,38.5,0],"ix":1},"s":{"a":0,"k":[26.67,26.67,100],"ix":6}},"ao":0,"shapes":[{"ty":"gr","it":[{"ind":0,"ty":"sh","ix":1,"ks":{"a":0,"k":{"i":[[0,0],[0.184,-0.117],[0.369,0],[0,0],[0.328,0.184],[9.519,8.046],[0,8.292],[-4.955,4.381],[-6.182,0],[-3.746,-3.869],[-6.572,0],[-4.258,-3.727],[0,-7.779],[0.452,-1.641]],"o":[[-3.277,2.229],[-0.328,0.164],[0,0],[-0.369,0],[-0.389,-0.246],[-13.103,-11.075],[0,-7.8],[4.237,-3.726],[6.572,0],[3.727,-3.849],[6.202,0],[4.995,4.38],[0,1.537],[0,0]],"v":[[6.727,29.997],[1.065,33.677],[0,33.942],[0,33.943],[-1.065,33.657],[-20.349,19.694],[-40.085,-9.52],[-32.51,-28.15],[-16.358,-33.943],[-0.021,-26.745],[16.235,-33.902],[32.449,-28.129],[40.085,-9.561],[39.406,-4.794]],"c":false},"ix":2},"nm":"Path 1","mn":"ADBE Vector Shape - Group","hd":false},{"ty":"st","c":{"a":0,"k":[1,1,1,1],"ix":3},"o":{"a":0,"k":100,"ix":4},"w":{"a":0,"k":7,"ix":5},"lc":2,"lj":2,"nm":"Stroke 1","mn":"ADBE Vector Graphic - Stroke","hd":false},{"ty":"tr","p":{"a":0,"k":[44.524,38.343],"ix":2},"a":{"a":0,"k":[0,0],"ix":1},"s":{"a":0,"k":[100,100],"ix":3},"r":{"a":0,"k":0,"ix":6},"o":{"a":0,"k":100,"ix":7},"sk":{"a":0,"k":0,"ix":4},"sa":{"a":0,"k":0,"ix":5},"nm":"Transform"}],"nm":"Group 3","np":2,"cix":2,"ix":1,"mn":"ADBE Vector Group","hd":false},{"ind":1,"ty":"sh","ix":2,"ks":{"a":0,"k":{"i":[[0,0],[0,0],[0,0]],"o":[[0,0],[0,0],[0,0]],"v":[[63.838,55.373],[77.84,68.028],[97.525,47.874]],"c":false},"ix":2},"nm":"Path 1","mn":"ADBE Vector Shape - Group","hd":false},{"ty":"st","c":{"a":0,"k":[1,1,1,1],"ix":3},"o":{"a":0,"k":100,"ix":4},"w":{"a":0,"k":7,"ix":5},"lc":2,"lj":1,"ml":4,"ml2":{"a":0,"k":4,"ix":8},"nm":"Stroke 1","mn":"ADBE Vector Graphic - Stroke","hd":false}],"ip":0,"op":900,"st":0,"bm":0},{"ddd":0,"ind":3,"ty":4,"nm":"吸它 Outlines","sr":1,"ks":{"o":{"a":0,"k":100,"ix":11},"r":{"a":0,"k":0,"ix":10},"p":{"a":1,"k":[{"i":{"x":0.667,"y":1},"o":{"x":1,"y":0},"n":"0p667_1_1_0","t":11,"s":[83.883,-15,0],"e":[83.883,23,0],"to":[0,6.33333349227905,0],"ti":[0,-6.33333349227905,0]},{"t":23}],"ix":2},"a":{"a":0,"k":[24.133,-8.75,0],"ix":1},"s":{"a":0,"k":[100,100,100],"ix":6}},"ao":0,"shapes":[{"ty":"gr","it":[{"ind":0,"ty":"sh","ix":1,"ks":{"a":0,"k":{"i":[[0,0],[0,0],[0,0],[0,0],[0,0],[0,0]],"o":[[0,0],[0,0],[0,0],[0,0],[0,0],[0,0]],"v":[[8.339,-17.668],[1.958,-17.668],[1.958,-1.257],[3.674,-1.257],[3.674,-2.973],[8.339,-2.973]],"c":true},"ix":2},"nm":"吸","mn":"ADBE Vector Shape - Group","hd":false},{"ind":1,"ty":"sh","ix":2,"ks":{"a":0,"k":{"i":[[0,0],[0,0],[0,0],[0,0]],"o":[[0,0],[0,0],[0,0],[0,0]],"v":[[3.674,-4.616],[3.674,-16.025],[6.671,-16.025],[6.671,-4.616]],"c":true},"ix":2},"nm":"吸","mn":"ADBE Vector Shape - Group","hd":false},{"ind":2,"ty":"sh","ix":3,"ks":{"a":0,"k":{"i":[[0,0],[0,0],[3.215,-3.287],[0,0],[-0.725,4.882],[-1.45,-1.837],[2.103,-0.991],[0,0],[-1.499,1.547],[-1.813,-1.112],[0,0],[1.329,1.378],[-0.532,3.287],[0,0],[0,0],[-0.435,2.151],[0,0],[0,0],[0,0]],"o":[[0,0],[-0.048,7.251],[0,0],[2.538,-2.635],[0.773,2.272],[-1.426,1.45],[0,0],[2.175,-1.015],[1.305,1.426],[0,0],[-1.789,-1.063],[1.74,-2.272],[0,0],[0,0],[0.435,-1.547],[0,0],[0,0],[0,0],[0,0]],"v":[[11.722,-17.064],[11.722,-14.744],[6.816,1.063],[8.169,2.248],[13.076,-9.04],[16.387,-2.852],[11.094,0.798],[12.061,2.369],[17.572,-1.474],[22.26,2.344],[23.372,0.87],[18.683,-2.804],[22.091,-11.118],[22.091,-12.085],[19.191,-12.085],[20.496,-17.644],[20.496,-18.78],[9.426,-18.78],[9.426,-17.064]],"c":true},"ix":2},"nm":"吸","mn":"ADBE Vector Shape - Group","hd":false},{"ind":3,"ty":"sh","ix":4,"ks":{"a":0,"k":{"i":[[1.426,-1.861],[0.628,3.48],[0,0.532],[0,0],[0,0],[0.459,-1.474],[0,0]],"o":[[-2.079,-2.562],[0,-0.508],[0,0],[0,0],[-0.556,2.852],[0,0],[-0.483,2.417]],"v":[[17.499,-4.133],[13.463,-13.197],[13.487,-14.744],[13.487,-17.064],[18.611,-17.064],[17.088,-10.562],[20.351,-10.562]],"c":true},"ix":2},"nm":"吸","mn":"ADBE Vector Shape - Group","hd":false},{"ty":"mm","mm":1,"nm":"Merge Paths 1","mn":"ADBE Vector Filter - Merge","hd":false},{"ty":"fl","c":{"a":0,"k":[0,0,0,1],"ix":4},"o":{"a":0,"k":100,"ix":5},"r":1,"nm":"Fill 1","mn":"ADBE Vector Graphic - Fill","hd":false},{"ty":"tr","p":{"a":0,"k":[0,0],"ix":2},"a":{"a":0,"k":[0,0],"ix":1},"s":{"a":0,"k":[100,100],"ix":3},"r":{"a":0,"k":0,"ix":6},"o":{"a":0,"k":100,"ix":7},"sk":{"a":0,"k":0,"ix":4},"sa":{"a":0,"k":0,"ix":5},"nm":"Transform"}],"nm":"吸","np":6,"cix":2,"ix":1,"mn":"ADBE Vector Group","hd":false},{"ty":"gr","it":[{"ind":0,"ty":"sh","ix":1,"ks":{"a":0,"k":{"i":[[0,0],[0,0],[0.338,0.822],[0,0],[-0.314,-0.87],[0,0],[0,0],[0,0],[0,0],[0,0],[0,0],[0,0]],"o":[[0,0],[-0.29,-1.015],[0,0],[0.387,0.749],[0,0],[0,0],[0,0],[0,0],[0,0],[0,0],[0,0],[0,0]],"v":[[46.309,-17.136],[37.269,-17.136],[36.302,-19.868],[34.417,-19.578],[35.457,-17.136],[25.861,-17.136],[25.861,-12.448],[27.625,-12.448],[27.625,-15.445],[44.544,-15.445],[44.544,-12.448],[46.309,-12.448]],"c":true},"ix":2},"nm":"它","mn":"ADBE Vector Shape - Group","hd":false},{"ind":1,"ty":"sh","ix":2,"ks":{"a":0,"k":{"i":[[0,0],[4.399,-0.967],[0,0],[0,0],[0,0],[-1.644,0],[0,0],[-0.58,0.483],[-0.242,2.538],[0,0],[0.508,-0.435],[0.87,0],[0,0],[0,0.87],[0,0],[-3.287,1.547]],"o":[[-2.949,1.402],[0,0],[0,0],[0,0],[0,1.764],[0,0],[1.281,0],[0.677,-0.556],[0,0],[-0.145,2.03],[-0.363,0.338],[0,0],[-0.822,0],[0,0],[4.858,-1.039],[0,0]],"v":[[42.538,-10.852],[31.493,-7.299],[31.493,-13.293],[29.728,-13.293],[29.728,-0.918],[32.169,1.74],[41.644,1.74],[44.448,1.015],[45.85,-3.625],[44.182,-4.157],[43.191,-0.459],[41.33,0.048],[32.701,0.048],[31.493,-1.281],[31.493,-5.583],[43.723,-9.475]],"c":true},"ix":2},"nm":"它","mn":"ADBE Vector Shape - Group","hd":false},{"ty":"mm","mm":1,"nm":"Merge Paths 1","mn":"ADBE Vector Filter - Merge","hd":false},{"ty":"fl","c":{"a":0,"k":[0,0,0,1],"ix":4},"o":{"a":0,"k":100,"ix":5},"r":1,"nm":"Fill 1","mn":"ADBE Vector Graphic - Fill","hd":false},{"ty":"tr","p":{"a":0,"k":[0,0],"ix":2},"a":{"a":0,"k":[0,0],"ix":1},"s":{"a":0,"k":[100,100],"ix":3},"r":{"a":0,"k":0,"ix":6},"o":{"a":0,"k":100,"ix":7},"sk":{"a":0,"k":0,"ix":4},"sa":{"a":0,"k":0,"ix":5},"nm":"Transform"}],"nm":"它","np":4,"cix":2,"ix":2,"mn":"ADBE Vector Group","hd":false}],"ip":0,"op":900,"st":0,"bm":0},{"ddd":0,"ind":4,"ty":4,"nm":"吸猫图标","sr":1,"ks":{"o":{"a":0,"k":100,"ix":11},"r":{"a":0,"k":0,"ix":10},"p":{"a":1,"k":[{"i":{"x":0.667,"y":1},"o":{"x":1,"y":0},"n":"0p667_1_1_0","t":11,"s":[36.75,-14,0],"e":[36.75,24,0],"to":[0,6.33333349227905,0],"ti":[0,-6.33333349227905,0]},{"t":23}],"ix":2},"a":{"a":0,"k":[45.5,38.5,0],"ix":1},"s":{"a":0,"k":[26.67,26.67,100],"ix":6}},"ao":0,"shapes":[{"ty":"gr","it":[{"ind":0,"ty":"sh","ix":1,"ks":{"a":0,"k":{"i":[[0,0],[0,0]],"o":[[0,0],[0,0]],"v":[[72.896,70.966],[72.896,42.652]],"c":false},"ix":2},"nm":"Path 1","mn":"ADBE Vector Shape - Group","hd":false},{"ty":"st","c":{"a":0,"k":[0,0,0,1],"ix":3},"o":{"a":0,"k":100,"ix":4},"w":{"a":0,"k":6,"ix":5},"lc":2,"lj":2,"nm":"Stroke 1","mn":"ADBE Vector Graphic - Stroke","hd":false},{"ty":"tr","p":{"a":0,"k":[0,0],"ix":2},"a":{"a":0,"k":[0,0],"ix":1},"s":{"a":0,"k":[100,100],"ix":3},"r":{"a":0,"k":0,"ix":6},"o":{"a":0,"k":100,"ix":7},"sk":{"a":0,"k":0,"ix":4},"sa":{"a":0,"k":0,"ix":5},"nm":"Transform"}],"nm":"Group 1","np":2,"cix":2,"ix":1,"mn":"ADBE Vector Group","hd":false},{"ty":"gr","it":[{"ind":0,"ty":"sh","ix":1,"ks":{"a":0,"k":{"i":[[0,0],[0,0]],"o":[[0,0],[0,0]],"v":[[58.738,56.809],[87.053,56.809]],"c":false},"ix":2},"nm":"Path 1","mn":"ADBE Vector Shape - Group","hd":false},{"ty":"st","c":{"a":0,"k":[0,0,0,1],"ix":3},"o":{"a":0,"k":100,"ix":4},"w":{"a":0,"k":6,"ix":5},"lc":2,"lj":2,"nm":"Stroke 1","mn":"ADBE Vector Graphic - Stroke","hd":false},{"ty":"tr","p":{"a":0,"k":[0,0],"ix":2},"a":{"a":0,"k":[0,0],"ix":1},"s":{"a":0,"k":[100,100],"ix":3},"r":{"a":0,"k":0,"ix":6},"o":{"a":0,"k":100,"ix":7},"sk":{"a":0,"k":0,"ix":4},"sa":{"a":0,"k":0,"ix":5},"nm":"Transform"}],"nm":"Group 2","np":2,"cix":2,"ix":2,"mn":"ADBE Vector Group","hd":false},{"ty":"gr","it":[{"ind":0,"ty":"sh","ix":1,"ks":{"a":0,"k":{"i":[[0,0],[0.184,-0.117],[0.369,0],[0,0],[0.328,0.184],[9.519,8.046],[0,8.292],[-4.955,4.381],[-6.182,0],[-3.746,-3.869],[-6.572,0],[-4.258,-3.727],[0,-7.779],[0.452,-1.641]],"o":[[-3.277,2.229],[-0.328,0.164],[0,0],[-0.369,0],[-0.389,-0.246],[-13.103,-11.075],[0,-7.8],[4.237,-3.726],[6.572,0],[3.727,-3.849],[6.202,0],[4.995,4.38],[0,1.537],[0,0]],"v":[[6.727,29.997],[1.065,33.677],[0,33.942],[0,33.943],[-1.065,33.657],[-20.349,19.694],[-40.085,-9.52],[-32.51,-28.15],[-16.358,-33.943],[-0.021,-26.745],[16.235,-33.902],[32.449,-28.129],[40.085,-9.561],[39.406,-4.794]],"c":false},"ix":2},"nm":"Path 1","mn":"ADBE Vector Shape - Group","hd":false},{"ty":"st","c":{"a":0,"k":[0,0,0,1],"ix":3},"o":{"a":0,"k":100,"ix":4},"w":{"a":0,"k":7,"ix":5},"lc":2,"lj":2,"nm":"Stroke 1","mn":"ADBE Vector Graphic - Stroke","hd":false},{"ty":"tr","p":{"a":0,"k":[44.524,38.343],"ix":2},"a":{"a":0,"k":[0,0],"ix":1},"s":{"a":0,"k":[100,100],"ix":3},"r":{"a":0,"k":0,"ix":6},"o":{"a":0,"k":100,"ix":7},"sk":{"a":0,"k":0,"ix":4},"sa":{"a":0,"k":0,"ix":5},"nm":"Transform"}],"nm":"Group 3","np":2,"cix":2,"ix":3,"mn":"ADBE Vector Group","hd":false}],"ip":0,"op":900,"st":0,"bm":0},{"ddd":0,"ind":5,"ty":4,"nm":"btn_bg","sr":1,"ks":{"o":{"a":0,"k":100,"ix":11},"r":{"a":0,"k":0,"ix":10},"p":{"a":0,"k":[66,24,0],"ix":2},"a":{"a":0,"k":[0,0,0],"ix":1},"s":{"a":0,"k":[100,100,100],"ix":6}},"ao":0,"shapes":[{"ty":"rc","d":1,"s":{"a":0,"k":[132,48],"ix":2},"p":{"a":0,"k":[0,0],"ix":3},"r":{"a":0,"k":24,"ix":4},"nm":"Rectangle Path 1","mn":"ADBE Vector Shape - Rect","hd":false},{"ty":"fl","c":{"a":1,"k":[{"i":{"x":[0.667],"y":[1]},"o":{"x":[0.333],"y":[0]},"n":["0p667_1_0p333_0"],"t":0,"s":[0.992156863213,0.874509811401,0.517647087574,1],"e":[0.996078431606,0.752941191196,0,1]},{"t":8}],"ix":4},"o":{"a":0,"k":100,"ix":5},"r":1,"nm":"Fill 1","mn":"ADBE Vector Graphic - Fill","hd":false}],"ip":-18,"op":882,"st":-18,"bm":0}],"markers":[]}