<animated-vector xmlns:android="http://schemas.android.com/apk/res/android" xmlns:aapt="http://schemas.android.com/aapt"><aapt:attr name="android:drawable"><vector android:height="42dp" android:width="42dp" android:viewportHeight="42" android:viewportWidth="42"><group android:name="_R_G"><group android:name="_R_G_L_0_G" android:pivotX="21" android:pivotY="21" android:scaleX="1" android:scaleY="1"><path android:name="_R_G_L_0_G_D_0_P_0" android:fillColor="#ffffff" android:fillAlpha="1" android:fillType="nonZero" android:pathData=" M41 21 C41,32.05 32.05,41 21,41 C9.95,41 1,32.05 1,21 C1,9.95 9.95,1 21,1 C32.05,1 41,9.95 41,21c "/><path android:name="_R_G_L_0_G_D_1_P_0" android:strokeColor="#59b6d7" android:strokeLineCap="round" android:strokeLineJoin="round" android:strokeWidth="2" android:strokeAlpha="1" android:pathData=" M41 21 C41,32.05 32.05,41 21,41 C9.95,41 1,32.05 1,21 C1,9.95 9.95,1 21,1 C32.05,1 41,9.95 41,21c "/><group android:name="_R_G_L_0_G_D_2_P_0_G_0_T_1" android:translateX="21" android:translateY="21" android:rotation="0"><group android:name="_R_G_L_0_G_D_2_P_0_G_0_T_0" android:translateX="-21.042" android:translateY="-21"><path android:name="_R_G_L_0_G_D_2_P_0" android:strokeColor="#59b6d7" android:strokeLineCap="round" android:strokeLineJoin="round" android:strokeWidth="2" android:strokeAlpha="1" android:pathData=" M12 21 C12,21 30,21 30,21 "/></group></group><group android:name="_R_G_L_0_G_D_3_P_0_G_0_T_1" android:translateX="21" android:translateY="21" android:rotation="0"><group android:name="_R_G_L_0_G_D_3_P_0_G_0_T_0" android:translateX="-21" android:translateY="-20.975"><path android:name="_R_G_L_0_G_D_3_P_0" android:strokeColor="#59b6d7" android:strokeLineCap="round" android:strokeLineJoin="round" android:strokeWidth="2" android:strokeAlpha="1" android:pathData=" M21 30 C21,30 21,12 21,12 "/></group></group></group></group><group android:name="time_group"/></vector></aapt:attr><target android:name="_R_G_L_0_G_D_0_P_0"><aapt:attr name="android:animation"><set android:ordering="together"><objectAnimator android:propertyName="fillColor" android:duration="333" android:startOffset="0" android:valueFrom="#ffffff" android:valueTo="#59b6d7" android:valueType="colorType"><aapt:attr name="android:interpolator"><pathInterpolator android:pathData="M 0.0,0.0 c0.167,0.167 0.833,0.833 1.0,1.0"/></aapt:attr></objectAnimator><objectAnimator android:propertyName="fillColor" android:duration="967" android:startOffset="333" android:valueFrom="#59b6d7" android:valueTo="#59b6d7" android:valueType="colorType"><aapt:attr name="android:interpolator"><pathInterpolator android:pathData="M 0.0,0.0 c0.167,0.167 0.833,0.833 1.0,1.0"/></aapt:attr></objectAnimator><objectAnimator android:propertyName="fillColor" android:duration="367" android:startOffset="1300" android:valueFrom="#59b6d7" android:valueTo="#59b6d7" android:valueType="colorType"><aapt:attr name="android:interpolator"><pathInterpolator android:pathData="M 0.0,0.0 c0.167,0.167 0.833,0.833 1.0,1.0"/></aapt:attr></objectAnimator></set></aapt:attr></target><target android:name="_R_G_L_0_G_D_2_P_0"><aapt:attr name="android:animation"><set android:ordering="together"><objectAnimator android:propertyName="strokeColor" android:duration="333" android:startOffset="0" android:valueFrom="#59b6d7" android:valueTo="#ffffff" android:valueType="colorType"><aapt:attr name="android:interpolator"><pathInterpolator android:pathData="M 0.0,0.0 c0.167,0.167 0.833,0.833 1.0,1.0"/></aapt:attr></objectAnimator></set></aapt:attr></target><target android:name="_R_G_L_0_G_D_2_P_0_G_0_T_1"><aapt:attr name="android:animation"><set android:ordering="together"><objectAnimator android:propertyName="translateXY" android:duration="333" android:startOffset="0" android:propertyXName="translateX" android:propertyYName="translateY" android:pathData="M 21,21C 20.83333332836628,21.25 20.83333331346512,22.25 20,22.5"><aapt:attr name="android:interpolator"><pathInterpolator android:pathData="M 0.0,0.0 c0.333,0 0.667,1 1.0,1.0"/></aapt:attr></objectAnimator><objectAnimator android:propertyName="translateXY" android:duration="333" android:startOffset="333" android:propertyXName="translateX" android:propertyYName="translateY" android:pathData="M 20,22.5C 19.16666668653488,22.75 16.66666668653488,22.5 16,22.5"><aapt:attr name="android:interpolator"><pathInterpolator android:pathData="M 0.0,0.0 c0.333,0 0.667,1 1.0,1.0"/></aapt:attr></objectAnimator><objectAnimator android:propertyName="translateXY" android:duration="333" android:startOffset="667" android:propertyXName="translateX" android:propertyYName="translateY" android:pathData="M 16,22.5C 16,22.5 16,22.5 16,22.5"><aapt:attr name="android:interpolator"><pathInterpolator android:pathData="M 0.0,0.0 c0.333,0.333 0.667,0.667 1.0,1.0"/></aapt:attr></objectAnimator><objectAnimator android:propertyName="translateXY" android:duration="200" android:startOffset="1000" android:propertyXName="translateX" android:propertyYName="translateY" android:pathData="M 16,22.5C 16,22.5 16,22.5 16,22.5"><aapt:attr name="android:interpolator"><pathInterpolator android:pathData="M 0.0,0.0 c0.333,0.333 0.667,0.667 1.0,1.0"/></aapt:attr></objectAnimator></set></aapt:attr></target><target android:name="_R_G_L_0_G_D_2_P_0_G_0_T_1"><aapt:attr name="android:animation"><set android:ordering="together"><objectAnimator android:propertyName="rotation" android:duration="333" android:startOffset="0" android:valueFrom="0" android:valueTo="45" android:valueType="floatType"><aapt:attr name="android:interpolator"><pathInterpolator android:pathData="M 0.0,0.0 c0.333,0 0.667,1 1.0,1.0"/></aapt:attr></objectAnimator></set></aapt:attr></target><target android:name="_R_G_L_0_G_D_2_P_0"><aapt:attr name="android:animation"><set android:ordering="together"><objectAnimator android:propertyName="pathData" android:duration="667" android:startOffset="0" android:valueFrom="M12 21 C12,21 30,21 30,21 " android:valueTo="M12 21 C12,21 30,21 30,21 " android:valueType="pathType"><aapt:attr name="android:interpolator"><pathInterpolator android:pathData="M 0.0,0.0 c0.333,0 0.667,1 1.0,1.0"/></aapt:attr></objectAnimator><objectAnimator android:propertyName="pathData" android:duration="133" android:startOffset="667" android:valueFrom="M12 21 C12,21 30,21 30,21 " android:valueTo="M12 21 C12,21 26.73,20.82 26.73,20.82 " android:valueType="pathType"><aapt:attr name="android:interpolator"><pathInterpolator android:pathData="M 0.0,0.0 c0.333,0 0.667,1 1.0,1.0"/></aapt:attr></objectAnimator><objectAnimator android:propertyName="pathData" android:duration="200" android:startOffset="800" android:valueFrom="M12 21 C12,21 26.73,20.82 26.73,20.82 " android:valueTo="M16.77 20.12 C16.77,20.12 26.66,20.8 26.66,20.8 " android:valueType="pathType"><aapt:attr name="android:interpolator"><pathInterpolator android:pathData="M 0.0,0.0 c0.333,0 0.667,1 1.0,1.0"/></aapt:attr></objectAnimator></set></aapt:attr></target><target android:name="_R_G_L_0_G_D_3_P_0"><aapt:attr name="android:animation"><set android:ordering="together"><objectAnimator android:propertyName="strokeColor" android:duration="333" android:startOffset="0" android:valueFrom="#59b6d7" android:valueTo="#ffffff" android:valueType="colorType"><aapt:attr name="android:interpolator"><pathInterpolator android:pathData="M 0.0,0.0 c0.167,0.167 0.833,0.833 1.0,1.0"/></aapt:attr></objectAnimator></set></aapt:attr></target><target android:name="_R_G_L_0_G_D_3_P_0_G_0_T_1"><aapt:attr name="android:animation"><set android:ordering="together"><objectAnimator android:propertyName="translateXY" android:duration="333" android:startOffset="0" android:propertyXName="translateX" android:propertyYName="translateY" android:pathData="M 21,21C 20.83333332836628,21.24576823413372 19.5,22.22923176586628 20,22.475"><aapt:attr name="android:interpolator"><pathInterpolator android:pathData="M 0.0,0.0 c0.333,0 0.667,1 1.0,1.0"/></aapt:attr></objectAnimator><objectAnimator android:propertyName="translateXY" android:duration="333" android:startOffset="333" android:propertyXName="translateX" android:propertyYName="translateY" android:pathData="M 20,22.475C 20.5,22.720768234133722 23.33333331346512,22.475 24,22.475"><aapt:attr name="android:interpolator"><pathInterpolator android:pathData="M 0.0,0.0 c0.333,0 0.667,1 1.0,1.0"/></aapt:attr></objectAnimator><objectAnimator android:propertyName="translateXY" android:duration="333" android:startOffset="667" android:propertyXName="translateX" android:propertyYName="translateY" android:pathData="M 24,22.475C 24,22.475 24,22.475 24,22.475"><aapt:attr name="android:interpolator"><pathInterpolator android:pathData="M 0.0,0.0 c0.333,0.333 0.667,0.667 1.0,1.0"/></aapt:attr></objectAnimator></set></aapt:attr></target><target android:name="_R_G_L_0_G_D_3_P_0_G_0_T_1"><aapt:attr name="android:animation"><set android:ordering="together"><objectAnimator android:propertyName="rotation" android:duration="333" android:startOffset="0" android:valueFrom="0" android:valueTo="45" android:valueType="floatType"><aapt:attr name="android:interpolator"><pathInterpolator android:pathData="M 0.0,0.0 c0.333,0 0.667,1 1.0,1.0"/></aapt:attr></objectAnimator></set></aapt:attr></target><target android:name="_R_G_L_0_G_D_3_P_0"><aapt:attr name="android:animation"><set android:ordering="together"><objectAnimator android:propertyName="pathData" android:duration="667" android:startOffset="0" android:valueFrom="M21 30 C21,30 21,12 21,12 " android:valueTo="M21 30 C21,30 21,12 21,12 " android:valueType="pathType"><aapt:attr name="android:interpolator"><pathInterpolator android:pathData="M 0.0,0.0 c0.333,0 0.667,1 1.0,1.0"/></aapt:attr></objectAnimator><objectAnimator android:propertyName="pathData" android:duration="133" android:startOffset="667" android:valueFrom="M21 30 C21,30 21,12 21,12 " android:valueTo="M21 26.46 C21,26.46 21,12 21,12 " android:valueType="pathType"><aapt:attr name="android:interpolator"><pathInterpolator android:pathData="M 0.0,0.0 c0.333,0 0.667,1 1.0,1.0"/></aapt:attr></objectAnimator></set></aapt:attr></target><target android:name="_R_G_L_0_G"><aapt:attr name="android:animation"><set android:ordering="together"><objectAnimator android:propertyName="scaleX" android:duration="1200" android:startOffset="0" android:valueFrom="1" android:valueTo="1" android:valueType="floatType"><aapt:attr name="android:interpolator"><pathInterpolator android:pathData="M 0.0,0.0 c0.167,0.167 0.833,0.833 1.0,1.0"/></aapt:attr></objectAnimator><objectAnimator android:propertyName="scaleY" android:duration="1200" android:startOffset="0" android:valueFrom="1" android:valueTo="1" android:valueType="floatType"><aapt:attr name="android:interpolator"><pathInterpolator android:pathData="M 0.0,0.0 c0.167,0.167 0.833,0.833 1.0,1.0"/></aapt:attr></objectAnimator><objectAnimator android:propertyName="scaleX" android:duration="467" android:startOffset="1200" android:valueFrom="1" android:valueTo="0" android:valueType="floatType"><aapt:attr name="android:interpolator"><pathInterpolator android:pathData="M 0.0,0.0 c0.167,0.167 0.833,0.833 1.0,1.0"/></aapt:attr></objectAnimator><objectAnimator android:propertyName="scaleY" android:duration="467" android:startOffset="1200" android:valueFrom="1" android:valueTo="0" android:valueType="floatType"><aapt:attr name="android:interpolator"><pathInterpolator android:pathData="M 0.0,0.0 c0.167,0.167 0.833,0.833 1.0,1.0"/></aapt:attr></objectAnimator></set></aapt:attr></target><target android:name="time_group"><aapt:attr name="android:animation"><set android:ordering="together"><objectAnimator android:propertyName="translateX" android:duration="1733" android:startOffset="0" android:valueFrom="0" android:valueTo="1" android:valueType="floatType"/></set></aapt:attr></target></animated-vector>